INDIR,FOLDER,IN FILE,DURATION,DATE,TIME,HOUR,DATE-12,TIME-12,HOUR-12,LATITUDE,LONGITUDE,MODEL,SERIAL NO,FIRMWARE,PREFIX,NOTES,AUTO ID,PULSES,MATCHING,MATCH RATIO,MARGIN,FILES,MANUAL ID,ORGID,USERID,REVIEW ORGID,REVIEW USERID,INPATHMD5
C:\Users\AnthonyGibbons\OneDrive - Peroptyx\Documents\GitHub\Personal_Projects\bird_detection_audio\birds,Common Moorhen,xc522988.wav,2.108413,,,,,,,,,,,,,,,,,,,1,,,,,,jhoBLJG4IRwccPC4vDAofQ==
C:\Users\AnthonyGibbons\OneDrive - Peroptyx\Documents\GitHub\Personal_Projects\bird_detection_audio\birds,European Nightjar,xc481982.wav,13.473991,,,,,,,,,,,,,,,,,,,1,,,,,,SELi1PX8KvV22kX/91j+QQ==
C:\Users\AnthonyGibbons\OneDrive - Peroptyx\Documents\GitHub\Personal_Projects\bird_detection_audio\birds,Marsh Tit,xc447478.wav,19.408979,,,,,,,,,,,,,,,,,,,1,,,,,,GPasVhNQ9sEVwIXwi/srOQ==
C:\Users\AnthonyGibbons\OneDrive - Peroptyx\Documents\GitHub\Personal_Projects\bird_detection_audio\birds,Eurasian Oystercatcher,xc424965.wav,25.68084,,,,,,,,,,,,,,,,,,,1,,,,,,2PZX+Nw7RPTWNy5DIRK0og==
C:\Users\AnthonyGibbons\OneDrive - Peroptyx\Documents\GitHub\Personal_Projects\bird_detection_audio\birds,Eurasian Oystercatcher,xc231482.wav,25.077551,,,,,,,,,,,,,,,,,,,1,,,,,,V+wlZmFqyn95WSD2HjoiqQ==
C:\Users\AnthonyGibbons\OneDrive - Peroptyx\Documents\GitHub\Personal_Projects\bird_detection_audio\birds,Marsh Tit,xc553349.wav,61.267799,,,,,,,,,,,,,,,,,,,1,,,,,,b6OyZwAsZj5UMWgl7fLE2w==
C:\Users\AnthonyGibbons\OneDrive - Peroptyx\Documents\GitHub\Personal_Projects\bird_detection_audio\birds,Common Moorhen,xc528508.wav,31.004581,,,,,,,,,,,,,,,,,,,1,,,,,,yoyIeRbLy+9DLGNDkhOaNg==
C:\Users\AnthonyGibbons\OneDrive - Peroptyx\Documents\GitHub\Personal_Projects\bird_detection_audio\birds,Eurasian Oystercatcher,xc425909.wav,7.031479,,,,,,,,,,,,,,,,,,,1,,,,,,ifmnEnqo8S/D59GXSm2daA==
C:\Users\AnthonyGibbons\OneDrive - Peroptyx\Documents\GitHub\Personal_Projects\bird_detection_audio\birds,Eurasian Oystercatcher,xc236617.wav,11.572245,,,,,,,,,,,,,,,,,,,1,,,,,,wuminRxZSMX56Uvz2CBFgg==
C:\Users\AnthonyGibbons\OneDrive - Peroptyx\Documents\GitHub\Personal_Projects\bird_detection_audio\birds,Common Moorhen,xc534748.wav,3.898917,,,,,,,,,,,,,,,,,,,1,,,,,,0qCIbo+l2dcqt7mXIPqMUQ==
C:\Users\AnthonyGibbons\OneDrive - Peroptyx\Documents\GitHub\Personal_Projects\bird_detection_audio\birds,Common Moorhen,xc534750.wav,8.911354,,,,,,,,,,,,,,,,,,,1,,,,,,M89WcEexfg4hnS1EKnvjXQ==
C:\Users\AnthonyGibbons\OneDrive - Peroptyx\Documents\GitHub\Personal_Projects\bird_detection_audio\birds,Marsh Tit,xc448675.wav,55.843124,,,,,,,,,,,,,,,,,,,1,,,,,,2cNGlGqwohpQ/srr1EFghg==
C:\Users\AnthonyGibbons\OneDrive - Peroptyx\Documents\GitHub\Personal_Projects\bird_detection_audio\birds,Eurasian Oystercatcher,xc426048.wav,21.498775,,,,,,,,,,,,,,,,,,,1,,,,,,tFZhCpCmxq4HpYPkyqw0xQ==
C:\Users\AnthonyGibbons\OneDrive - Peroptyx\Documents\GitHub\Personal_Projects\bird_detection_audio\birds,Eurasian Oystercatcher,xc240495.wav,36.216,,,,,,,,,,,,,,,,,,,1,,,,,,Zfnz5bTuOSzt+qD+7lo9IQ==
C:\Users\AnthonyGibbons\OneDrive - Peroptyx\Documents\GitHub\Personal_Projects\bird_detection_audio\birds,European Nightjar,xc481986.wav,76.769974,,,,,,,,,,,,,,,,,,,1,,,,,,wYoyc7npRtF9ee3sA+bXWA==
C:\Users\AnthonyGibbons\OneDrive - Peroptyx\Documents\GitHub\Personal_Projects\bird_detection_audio\birds,Eurasian Oystercatcher,xc254912.wav,11.62381,,,,,,,,,,,,,,,,,,,1,,,,,,soFyG25Vt9PrzSoHoHAtnA==
C:\Users\AnthonyGibbons\OneDrive - Peroptyx\Documents\GitHub\Personal_Projects\bird_detection_audio\birds,Common Moorhen,xc26789.wav,166.452011,,,,,,,,,,,,,,,,,,,1,,,,,,KSmH1W5tK+Z4xHEGaf/7RQ==
C:\Users\AnthonyGibbons\OneDrive - Peroptyx\Documents\GitHub\Personal_Projects\bird_detection_audio\birds,Common Moorhen,xc538710.wav,38.034286,,,,,,,,,,,,,,,,,,,1,,,,,,T6HdaCi7Ou76d/yEXA7Ixg==
C:\Users\AnthonyGibbons\OneDrive - Peroptyx\Documents\GitHub\Personal_Projects\bird_detection_audio\birds,Marsh Tit,xc553497.wav,42.053196,,,,,,,,,,,,,,,,,,,1,,,,,,bbuG6+bRwJ13Z5bL0ggjNg==
C:\Users\AnthonyGibbons\OneDrive - Peroptyx\Documents\GitHub\Personal_Projects\bird_detection_audio\birds,Common Moorhen,xc539273.wav,5.152766,,,,,,,,,,,,,,,,,,,1,,,,,,0KuF4D7bUUTgpkcxcV7hVA==
C:\Users\AnthonyGibbons\OneDrive - Peroptyx\Documents\GitHub\Personal_Projects\bird_detection_audio\birds,Redwing,xc561592.wav,64.416,,,,,,,,,,,,,,,,,,,1,,,,,,F8c/6Kr4Y9mK59OE89WK5Q==
C:\Users\AnthonyGibbons\OneDrive - Peroptyx\Documents\GitHub\Personal_Projects\bird_detection_audio\birds,Marsh Tit,xc450997.wav,45.599998,,,,,,,,,,,,,,,,,,,1,,,,,,/hT+hNIG7rYyoySm+eYGZg==
C:\Users\AnthonyGibbons\OneDrive - Peroptyx\Documents\GitHub\Personal_Projects\bird_detection_audio\birds,Common Moorhen,xc315363.wav,30.816,,,,,,,,,,,,,,,,,,,1,,,,,,LBypOCB6PrFx4GNmTBl+ng==
C:\Users\AnthonyGibbons\OneDrive - Peroptyx\Documents\GitHub\Personal_Projects\bird_detection_audio\birds,Common Moorhen,xc540804.wav,11.912539,,,,,,,,,,,,,,,,,,,1,,,,,,2WtU5cFSfOkRIDIlMWO0Cw==
C:\Users\AnthonyGibbons\OneDrive - Peroptyx\Documents\GitHub\Personal_Projects\bird_detection_audio\birds,Common Moorhen,xc540932.wav,8.254694,,,,,,,,,,,,,,,,,,,1,,,,,,nb+VpTjvE7DAXH2OesQnag==
C:\Users\AnthonyGibbons\OneDrive - Peroptyx\Documents\GitHub\Personal_Projects\bird_detection_audio\birds,Redwing,xc565822.wav,5.041633,,,,,,,,,,,,,,,,,,,1,,,,,,y/DMCsZ/RXEoxgz659ytag==
C:\Users\AnthonyGibbons\OneDrive - Peroptyx\Documents\GitHub\Personal_Projects\bird_detection_audio\birds,Eurasian Oystercatcher,xc25754.wav,38.321632,,,,,,,,,,,,,,,,,,,1,,,,,,S9t8zlg3pxi/LYEsD7fgGA==
C:\Users\AnthonyGibbons\OneDrive - Peroptyx\Documents\GitHub\Personal_Projects\bird_detection_audio\birds,Common Moorhen,xc330151.wav,19.408979,,,,,,,,,,,,,,,,,,,1,,,,,,+FsFJEaSHsp3IAZklYL7Ig==
C:\Users\AnthonyGibbons\OneDrive - Peroptyx\Documents\GitHub\Personal_Projects\bird_detection_audio\birds,European Nightjar,xc482366.wav,85.047333,,,,,,,,,,,,,,,,,,,1,,,,,,VMgL1l56PNN/O8p5V7ptzg==
C:\Users\AnthonyGibbons\OneDrive - Peroptyx\Documents\GitHub\Personal_Projects\bird_detection_audio\birds,Eurasian Oystercatcher,xc261486.wav,15.96,,,,,,,,,,,,,,,,,,,1,,,,,,uubmcWupKzv3gve1qFWk0w==
C:\Users\AnthonyGibbons\OneDrive - Peroptyx\Documents\GitHub\Personal_Projects\bird_detection_audio\birds,Marsh Tit,xc559277.wav,31.000204,,,,,,,,,,,,,,,,,,,1,,,,,,Hk4TjUiOs/a58UCdVoiPkw==
C:\Users\AnthonyGibbons\OneDrive - Peroptyx\Documents\GitHub\Personal_Projects\bird_detection_audio\birds,European Nightjar,xc482367.wav,59.471001,,,,,,,,,,,,,,,,,,,1,,,,,,xCEG6yeA0lRiPGP+Lklxyw==
C:\Users\AnthonyGibbons\OneDrive - Peroptyx\Documents\GitHub\Personal_Projects\bird_detection_audio\birds,Common Moorhen,xc339599.wav,16.946779,,,,,,,,,,,,,,,,,,,1,,,,,,eNxFERVlUtv+2ENZl4vO5g==
C:\Users\AnthonyGibbons\OneDrive - Peroptyx\Documents\GitHub\Personal_Projects\bird_detection_audio\birds,Eurasian Oystercatcher,xc261489.wav,16.271999,,,,,,,,,,,,,,,,,,,1,,,,,,Ilnp7CG+3vuqWdF/Km0PFA==
C:\Users\AnthonyGibbons\OneDrive - Peroptyx\Documents\GitHub\Personal_Projects\bird_detection_audio\birds,Eurasian Oystercatcher,xc432733.wav,135.03653,,,,,,,,,,,,,,,,,,,1,,,,,,MioPo/dic3uZfXIhnlNQnQ==
C:\Users\AnthonyGibbons\OneDrive - Peroptyx\Documents\GitHub\Personal_Projects\bird_detection_audio\birds,Eurasian Oystercatcher,xc263994.wav,19.252438,,,,,,,,,,,,,,,,,,,1,,,,,,22ku7+8INkH8ac5TEQkBMw==
C:\Users\AnthonyGibbons\OneDrive - Peroptyx\Documents\GitHub\Personal_Projects\bird_detection_audio\birds,European Nightjar,xc482368.wav,60.803001,,,,,,,,,,,,,,,,,,,1,,,,,,LP322DOkyOwxusaZWZCacg==
C:\Users\AnthonyGibbons\OneDrive - Peroptyx\Documents\GitHub\Personal_Projects\bird_detection_audio\birds,Eurasian Oystercatcher,xc433784.wav,27.167347,,,,,,,,,,,,,,,,,,,1,,,,,,zJ08YG87WqPIAOSuAFJLvQ==
C:\Users\AnthonyGibbons\OneDrive - Peroptyx\Documents\GitHub\Personal_Projects\bird_detection_audio\birds,Marsh Tit,xc559280.wav,38.900318,,,,,,,,,,,,,,,,,,,1,,,,,,QEA21s20teDWlmEqkXajAA==
C:\Users\AnthonyGibbons\OneDrive - Peroptyx\Documents\GitHub\Personal_Projects\bird_detection_audio\birds,Marsh Tit,xc453967.wav,60.813061,,,,,,,,,,,,,,,,,,,1,,,,,,T5IXwou00uwtaLlSyrnoDg==
C:\Users\AnthonyGibbons\OneDrive - Peroptyx\Documents\GitHub\Personal_Projects\bird_detection_audio\birds,European Nightjar,xc482369.wav,26.718,,,,,,,,,,,,,,,,,,,1,,,,,,EsKe7PBsqsY1RtgpXhE2ww==
C:\Users\AnthonyGibbons\OneDrive - Peroptyx\Documents\GitHub\Personal_Projects\bird_detection_audio\birds,Common Moorhen,xc341737.wav,33.565033,,,,,,,,,,,,,,,,,,,1,,,,,,nqIxYUftPcllKUPJ8L2fjg==
C:\Users\AnthonyGibbons\OneDrive - Peroptyx\Documents\GitHub\Personal_Projects\bird_detection_audio\birds,European Nightjar,xc295135.wav,214.804901,,,,,,,,,,,,,,,,,,,1,,,,,,iiTgCKbxjkyGI7F0oFkIrQ==
C:\Users\AnthonyGibbons\OneDrive - Peroptyx\Documents\GitHub\Personal_Projects\bird_detection_audio\birds,Eurasian Oystercatcher,xc441294.wav,52.181999,,,,,,,,,,,,,,,,,,,1,,,,,,VA9eaFE6nBouHRi+VQAQ6w==
C:\Users\AnthonyGibbons\OneDrive - Peroptyx\Documents\GitHub\Personal_Projects\bird_detection_audio\birds,Marsh Tit,xc564770.wav,51.95755,,,,,,,,,,,,,,,,,,,1,,,,,,lHJmzJVq3KGYQFiqMctvuw==
C:\Users\AnthonyGibbons\OneDrive - Peroptyx\Documents\GitHub\Personal_Projects\bird_detection_audio\birds,Marsh Tit,xc454041.wav,31.243515,,,,,,,,,,,,,,,,,,,1,,,,,,ioQBAmvVh0sHy7Z5Alnq2A==
C:\Users\AnthonyGibbons\OneDrive - Peroptyx\Documents\GitHub\Personal_Projects\bird_detection_audio\birds,European Nightjar,xc482961.wav,35.918365,,,,,,,,,,,,,,,,,,,1,,,,,,3RxebSCzYgbLeiA8Tdqt9w==
C:\Users\AnthonyGibbons\OneDrive - Peroptyx\Documents\GitHub\Personal_Projects\bird_detection_audio\birds,Eurasian Oystercatcher,xc263995.wav,43.189583,,,,,,,,,,,,,,,,,,,1,,,,,,xdmJ+mLhB1iTgVLTnNtuUw==
C:\Users\AnthonyGibbons\OneDrive - Peroptyx\Documents\GitHub\Personal_Projects\bird_detection_audio\birds,Marsh Tit,xc565776.wav,25.435623,,,,,,,,,,,,,,,,,,,1,,,,,,VKT/PWqzNNiSpntRqTc/Pw==
C:\Users\AnthonyGibbons\OneDrive - Peroptyx\Documents\GitHub\Personal_Projects\bird_detection_audio\birds,Marsh Tit,xc454863.wav,15.49,,,,,,,,,,,,,,,,,,,1,,,,,,ebKakZdEBymP01nV/qsknQ==
C:\Users\AnthonyGibbons\OneDrive - Peroptyx\Documents\GitHub\Personal_Projects\bird_detection_audio\birds,European Nightjar,xc482962.wav,25.39043,,,,,,,,,,,,,,,,,,,1,,,,,,e6+sGsQxTND/eW6vA8AANg==
C:\Users\AnthonyGibbons\OneDrive - Peroptyx\Documents\GitHub\Personal_Projects\bird_detection_audio\birds,European Nightjar,xc310713.wav,38.269386,,,,,,,,,,,,,,,,,,,1,,,,,,emWWf9buE0Z6Y8hWnctarA==
C:\Users\AnthonyGibbons\OneDrive - Peroptyx\Documents\GitHub\Personal_Projects\bird_detection_audio\birds,Marsh Tit,xc565777.wav,39.282562,,,,,,,,,,,,,,,,,,,1,,,,,,OX6uVcqYypl6ua1arTzKOg==
C:\Users\AnthonyGibbons\OneDrive - Peroptyx\Documents\GitHub\Personal_Projects\bird_detection_audio\birds,European Nightjar,xc483080.wav,41.978798,,,,,,,,,,,,,,,,,,,1,,,,,,QiUkGtE02i9ZCVOmT2Hl5A==
C:\Users\AnthonyGibbons\OneDrive - Peroptyx\Documents\GitHub\Personal_Projects\bird_detection_audio\birds,Common Moorhen,xc344221.wav,50.520817,,,,,,,,,,,,,,,,,,,1,,,,,,As0ICQS1VC7k/pTaCD8+dA==
C:\Users\AnthonyGibbons\OneDrive - Peroptyx\Documents\GitHub\Personal_Projects\bird_detection_audio\birds,Common Moorhen,xc357609.wav,5.634833,,,,,,,,,,,,,,,,,,,1,,,,,,e3cktAwktf+6iCi8U4UZNw==
C:\Users\AnthonyGibbons\OneDrive - Peroptyx\Documents\GitHub\Personal_Projects\bird_detection_audio\birds,Marsh Tit,xc456431.wav,42.008312,,,,,,,,,,,,,,,,,,,1,,,,,,Rjset7jdvorcQicYh23KDA==
C:\Users\AnthonyGibbons\OneDrive - Peroptyx\Documents\GitHub\Personal_Projects\bird_detection_audio\birds,Common Moorhen,xc364086.wav,7.621678,,,,,,,,,,,,,,,,,,,1,,,,,,ITTjpVfiyRVWcCjq8EcBBQ==
C:\Users\AnthonyGibbons\OneDrive - Peroptyx\Documents\GitHub\Personal_Projects\bird_detection_audio\birds,Eurasian Oystercatcher,xc441295.wav,113.970001,,,,,,,,,,,,,,,,,,,1,,,,,,GLk+cGUWlA281xNmEx3b3Q==
C:\Users\AnthonyGibbons\OneDrive - Peroptyx\Documents\GitHub\Personal_Projects\bird_detection_audio\birds,Marsh Tit,xc567398.wav,32.868,,,,,,,,,,,,,,,,,,,1,,,,,,hk2JCJqUglsuKAQ4Zk0Bjw==
C:\Users\AnthonyGibbons\OneDrive - Peroptyx\Documents\GitHub\Personal_Projects\bird_detection_audio\birds,Common Moorhen,xc364880.wav,5.668571,,,,,,,,,,,,,,,,,,,1,,,,,,uoWaetRYj3jHEvPexzuadA==
C:\Users\AnthonyGibbons\OneDrive - Peroptyx\Documents\GitHub\Personal_Projects\bird_detection_audio\birds,Redwing,xc121168.wav,38.687119,,,,,,,,,,,,,,,,,,,1,,,,,,L53DnJ2IdjcloF1HZMG3cg==
C:\Users\AnthonyGibbons\OneDrive - Peroptyx\Documents\GitHub\Personal_Projects\bird_detection_audio\birds,Common Moorhen,xc372910.wav,29.524172,,,,,,,,,,,,,,,,,,,1,,,,,,hn1YMIR9PKCH4CuiaBkCcA==
C:\Users\AnthonyGibbons\OneDrive - Peroptyx\Documents\GitHub\Personal_Projects\bird_detection_audio\birds,Eurasian Oystercatcher,xc263996.wav,86.756294,,,,,,,,,,,,,,,,,,,1,,,,,,wCF0sdZnDGYtqpuLRMau9g==
C:\Users\AnthonyGibbons\OneDrive - Peroptyx\Documents\GitHub\Personal_Projects\bird_detection_audio\birds,Redwing,xc25119.wav,22.778776,,,,,,,,,,,,,,,,,,,1,,,,,,ZJxmoBkgMWl/8Pz/rfrcGQ==
C:\Users\AnthonyGibbons\OneDrive - Peroptyx\Documents\GitHub\Personal_Projects\bird_detection_audio\birds,Common Moorhen,xc372911.wav,9.137053,,,,,,,,,,,,,,,,,,,1,,,,,,9eeXim0oB5Aa7ZCJwMMA3w==
C:\Users\AnthonyGibbons\OneDrive - Peroptyx\Documents\GitHub\Personal_Projects\bird_detection_audio\birds,European Nightjar,xc483257.wav,56.006531,,,,,,,,,,,,,,,,,,,1,,,,,,9rvPyK+qEGsp6/galqq4LQ==
C:\Users\AnthonyGibbons\OneDrive - Peroptyx\Documents\GitHub\Personal_Projects\bird_detection_audio\birds,Eurasian Oystercatcher,xc449756.wav,48.11755,,,,,,,,,,,,,,,,,,,1,,,,,,o3+k72aB0IpB71XdtZZx+Q==
C:\Users\AnthonyGibbons\OneDrive - Peroptyx\Documents\GitHub\Personal_Projects\bird_detection_audio\birds,Marsh Tit,xc457104.wav,67.372154,,,,,,,,,,,,,,,,,,,1,,,,,,PLnOMMoGRhlyyVhIlKlstw==
C:\Users\AnthonyGibbons\OneDrive - Peroptyx\Documents\GitHub\Personal_Projects\bird_detection_audio\birds,Eurasian Oystercatcher,xc449757.wav,19.121634,,,,,,,,,,,,,,,,,,,1,,,,,,OT3U4Xod7DMNd0pn+ULOTg==
C:\Users\AnthonyGibbons\OneDrive - Peroptyx\Documents\GitHub\Personal_Projects\bird_detection_audio\birds,Redwing,xc27962.wav,72.463448,,,,,,,,,,,,,,,,,,,1,,,,,,pMgweqxF8YE/52EJxrBt5A==
C:\Users\AnthonyGibbons\OneDrive - Peroptyx\Documents\GitHub\Personal_Projects\bird_detection_audio\birds,Common Moorhen,xc542331.wav,236.499588,,,,,,,,,,,,,,,,,,,1,,,,,,yAIdMw4HCh7Eu9WBGsogDQ==
C:\Users\AnthonyGibbons\OneDrive - Peroptyx\Documents\GitHub\Personal_Projects\bird_detection_audio\birds,Eurasian Oystercatcher,xc265251.wav,46.056,,,,,,,,,,,,,,,,,,,1,,,,,,NyzGgTALcY3L0roIbtINnQ==
C:\Users\AnthonyGibbons\OneDrive - Peroptyx\Documents\GitHub\Personal_Projects\bird_detection_audio\birds,Redwing,xc528571.wav,3.231655,,,,,,,,,,,,,,,,,,,1,,,,,,ckjN23p2fCWkm4mqBHHOGg==
C:\Users\AnthonyGibbons\OneDrive - Peroptyx\Documents\GitHub\Personal_Projects\bird_detection_audio\birds,European Nightjar,xc483258.wav,29.100409,,,,,,,,,,,,,,,,,,,1,,,,,,YySTJ0da459YP2TM1+VGCA==
C:\Users\AnthonyGibbons\OneDrive - Peroptyx\Documents\GitHub\Personal_Projects\bird_detection_audio\birds,European Nightjar,xc315640.wav,98.638367,,,,,,,,,,,,,,,,,,,1,,,,,,g6VzVzjl35AV6n7I7m2Esw==
C:\Users\AnthonyGibbons\OneDrive - Peroptyx\Documents\GitHub\Personal_Projects\bird_detection_audio\birds,Eurasian Oystercatcher,xc458091.wav,16.067625,,,,,,,,,,,,,,,,,,,1,,,,,,obx8N11T5Jf3Q6Fe7f7RPQ==
C:\Users\AnthonyGibbons\OneDrive - Peroptyx\Documents\GitHub\Personal_Projects\bird_detection_audio\birds,Eurasian Oystercatcher,xc459311.wav,15.732,,,,,,,,,,,,,,,,,,,1,,,,,,dFb1kYO7YPbQ63YJ/eZYnA==
C:\Users\AnthonyGibbons\OneDrive - Peroptyx\Documents\GitHub\Personal_Projects\bird_detection_audio\birds,Common Moorhen,xc380962.wav,65.771004,,,,,,,,,,,,,,,,,,,1,,,,,,1yOHeVBkrWPj+hSzRwVMSQ==
C:\Users\AnthonyGibbons\OneDrive - Peroptyx\Documents\GitHub\Personal_Projects\bird_detection_audio\birds,Eurasian Oystercatcher,xc459312.wav,15.84,,,,,,,,,,,,,,,,,,,1,,,,,,Jj0AKx+UJiH52tfPcCcmtg==
C:\Users\AnthonyGibbons\OneDrive - Peroptyx\Documents\GitHub\Personal_Projects\bird_detection_audio\birds,Common Moorhen,xc381668.wav,24.136984,,,,,,,,,,,,,,,,,,,1,,,,,,lt7MaBnWhTiiYX0VcvuhsA==
C:\Users\AnthonyGibbons\OneDrive - Peroptyx\Documents\GitHub\Personal_Projects\bird_detection_audio\birds,Marsh Tit,xc457105.wav,45.342133,,,,,,,,,,,,,,,,,,,1,,,,,,k2fRYzRlMthSJUAeLEHZ3Q==
C:\Users\AnthonyGibbons\OneDrive - Peroptyx\Documents\GitHub\Personal_Projects\bird_detection_audio\birds,Eurasian Oystercatcher,xc459663.wav,16.771292,,,,,,,,,,,,,,,,,,,1,,,,,,CuiVSBxvISiue5yA7BjN9g==
C:\Users\AnthonyGibbons\OneDrive - Peroptyx\Documents\GitHub\Personal_Projects\bird_detection_audio\birds,Common Moorhen,xc542332.wav,62.204769,,,,,,,,,,,,,,,,,,,1,,,,,,oLnJurbWz9NydFdEHaD9dg==
C:\Users\AnthonyGibbons\OneDrive - Peroptyx\Documents\GitHub\Personal_Projects\bird_detection_audio\birds,Common Moorhen,xc400868.wav,29.007229,,,,,,,,,,,,,,,,,,,1,,,,,,qq3Kg+u4wAFm0DhxOWEdFA==
C:\Users\AnthonyGibbons\OneDrive - Peroptyx\Documents\GitHub\Personal_Projects\bird_detection_audio\birds,Common Moorhen,xc410962.wav,3.024,,,,,,,,,,,,,,,,,,,1,,,,,,zYKk4h8SOd7kIr7M3fbTEQ==
C:\Users\AnthonyGibbons\OneDrive - Peroptyx\Documents\GitHub\Personal_Projects\bird_detection_audio\birds,Eurasian Oystercatcher,xc462741.wav,4.767324,,,,,,,,,,,,,,,,,,,1,,,,,,o/hCPgEq91C5XmuWLUntKg==
C:\Users\AnthonyGibbons\OneDrive - Peroptyx\Documents\GitHub\Personal_Projects\bird_detection_audio\birds,Marsh Tit,xc458938.wav,29.629116,,,,,,,,,,,,,,,,,,,1,,,,,,233X5yw9mzLbD4rQJFY6mw==
C:\Users\AnthonyGibbons\OneDrive - Peroptyx\Documents\GitHub\Personal_Projects\bird_detection_audio\birds,European Nightjar,xc483390.wav,173.744995,,,,,,,,,,,,,,,,,,,1,,,,,,HrHQoDoL2mt/AIh7mWkvEA==
C:\Users\AnthonyGibbons\OneDrive - Peroptyx\Documents\GitHub\Personal_Projects\bird_detection_audio\birds,Eurasian Oystercatcher,xc277466.wav,81.301292,,,,,,,,,,,,,,,,,,,1,,,,,,OUz4P3geuYJjFpDh12OiVw==
C:\Users\AnthonyGibbons\OneDrive - Peroptyx\Documents\GitHub\Personal_Projects\bird_detection_audio\birds,Eurasian Oystercatcher,xc462743.wav,11.304581,,,,,,,,,,,,,,,,,,,1,,,,,,h5laCGiRMt67NCYA+bYPwQ==
C:\Users\AnthonyGibbons\OneDrive - Peroptyx\Documents\GitHub\Personal_Projects\bird_detection_audio\birds,Redwing,xc528726.wav,69,,,,,,,,,,,,,,,,,,,1,,,,,,d5QvtjmfKn+aS2j+zJZstA==
C:\Users\AnthonyGibbons\OneDrive - Peroptyx\Documents\GitHub\Personal_Projects\bird_detection_audio\birds,Redwing,xc529045.wav,9.705063,,,,,,,,,,,,,,,,,,,1,,,,,,NPiBvvgZT4BnHtWXQOWkHg==
C:\Users\AnthonyGibbons\OneDrive - Peroptyx\Documents\GitHub\Personal_Projects\bird_detection_audio\birds,Common Moorhen,xc542333.wav,42.183563,,,,,,,,,,,,,,,,,,,1,,,,,,Y4wpVekw6/NQk4dkTTJbvw==
C:\Users\AnthonyGibbons\OneDrive - Peroptyx\Documents\GitHub\Personal_Projects\bird_detection_audio\birds,Redwing,xc531596.wav,4.697146,,,,,,,,,,,,,,,,,,,1,,,,,,MtkgKmZjPURftQS/gzfKLQ==
C:\Users\AnthonyGibbons\OneDrive - Peroptyx\Documents\GitHub\Personal_Projects\bird_detection_audio\birds,Eurasian Oystercatcher,xc463179.wav,26.891157,,,,,,,,,,,,,,,,,,,1,,,,,,qPv6/QygbTBGtqIaQNfe+g==
C:\Users\AnthonyGibbons\OneDrive - Peroptyx\Documents\GitHub\Personal_Projects\bird_detection_audio\birds,Marsh Tit,xc458939.wav,57.385509,,,,,,,,,,,,,,,,,,,1,,,,,,SZSONwly1349yYoBENvU8g==
C:\Users\AnthonyGibbons\OneDrive - Peroptyx\Documents\GitHub\Personal_Projects\bird_detection_audio\birds,Common Moorhen,xc542334.wav,27.098833,,,,,,,,,,,,,,,,,,,1,,,,,,NNZX0nyq9gWkxWxWKa+3Tg==
C:\Users\AnthonyGibbons\OneDrive - Peroptyx\Documents\GitHub\Personal_Projects\bird_detection_audio\birds,Redwing,xc566769.wav,254.119186,,,,,,,,,,,,,,,,,,,1,,,,,,BUng2qxeiY+q07pm+45gqg==
C:\Users\AnthonyGibbons\OneDrive - Peroptyx\Documents\GitHub\Personal_Projects\bird_detection_audio\birds,Common Moorhen,xc542359.wav,12.982857,,,,,,,,,,,,,,,,,,,1,,,,,,kQGeDq0kFR/Il6kJZqQwSQ==
C:\Users\AnthonyGibbons\OneDrive - Peroptyx\Documents\GitHub\Personal_Projects\bird_detection_audio\birds,Marsh Tit,xc460307.wav,17.266939,,,,,,,,,,,,,,,,,,,1,,,,,,1PvsBs5+XHvnEGCBEzKp6w==
C:\Users\AnthonyGibbons\OneDrive - Peroptyx\Documents\GitHub\Personal_Projects\bird_detection_audio\birds,Common Moorhen,xc542543.wav,5.216009,,,,,,,,,,,,,,,,,,,1,,,,,,saIPCSqM57QDHEEz3MH68A==
C:\Users\AnthonyGibbons\OneDrive - Peroptyx\Documents\GitHub\Personal_Projects\bird_detection_audio\birds,Common Moorhen,xc543411.wav,15.124898,,,,,,,,,,,,,,,,,,,1,,,,,,1NBbWg/QNzi8SPt+Imhjkg==
C:\Users\AnthonyGibbons\OneDrive - Peroptyx\Documents\GitHub\Personal_Projects\bird_detection_audio\birds,Redwing,xc575262.wav,36.01096,,,,,,,,,,,,,,,,,,,1,,,,,,/cTk2y3ZWKhWQNlCpCzyLQ==
C:\Users\AnthonyGibbons\OneDrive - Peroptyx\Documents\GitHub\Personal_Projects\bird_detection_audio\birds,Eurasian Oystercatcher,xc281035.wav,47.88245,,,,,,,,,,,,,,,,,,,1,,,,,,j1VceoYtJ/DbTWdLZGvhPA==
C:\Users\AnthonyGibbons\OneDrive - Peroptyx\Documents\GitHub\Personal_Projects\bird_detection_audio\birds,Marsh Tit,xc460309.wav,26.226938,,,,,,,,,,,,,,,,,,,1,,,,,,Ute/l6gtLwUWW6tKFdOBAw==
C:\Users\AnthonyGibbons\OneDrive - Peroptyx\Documents\GitHub\Personal_Projects\bird_detection_audio\birds,Common Moorhen,xc545755.wav,8.568163,,,,,,,,,,,,,,,,,,,1,,,,,,el8+8F6LdoXX3bsZ5zF9Eg==
C:\Users\AnthonyGibbons\OneDrive - Peroptyx\Documents\GitHub\Personal_Projects\bird_detection_audio\birds,Redwing,xc575430.wav,62.962105,,,,,,,,,,,,,,,,,,,1,,,,,,s6fXHiYQuh05u3xgTGv0vw==
C:\Users\AnthonyGibbons\OneDrive - Peroptyx\Documents\GitHub\Personal_Projects\bird_detection_audio\birds,Eurasian Oystercatcher,xc464626.wav,157.506378,,,,,,,,,,,,,,,,,,,1,,,,,,wJLoI5JS9cc8qmAYAnORdg==
C:\Users\AnthonyGibbons\OneDrive - Peroptyx\Documents\GitHub\Personal_Projects\bird_detection_audio\birds,Eurasian Oystercatcher,xc465759.wav,11.833469,,,,,,,,,,,,,,,,,,,1,,,,,,HuwMy+xxQZ4hRwe3MteKew==
C:\Users\AnthonyGibbons\OneDrive - Peroptyx\Documents\GitHub\Personal_Projects\bird_detection_audio\birds,Redwing,xc533316.wav,71.472,,,,,,,,,,,,,,,,,,,1,,,,,,7cK2sJDjG9D/Eo7htigVsA==
C:\Users\AnthonyGibbons\OneDrive - Peroptyx\Documents\GitHub\Personal_Projects\bird_detection_audio\birds,Eurasian Oystercatcher,xc281036.wav,25.756735,,,,,,,,,,,,,,,,,,,1,,,,,,qcEwFDNXMw+ipc8vYBiaPg==
C:\Users\AnthonyGibbons\OneDrive - Peroptyx\Documents\GitHub\Personal_Projects\bird_detection_audio\birds,Marsh Tit,xc460310.wav,32.940407,,,,,,,,,,,,,,,,,,,1,,,,,,FAlSqbXNPtIemB0p9bZoZg==
C:\Users\AnthonyGibbons\OneDrive - Peroptyx\Documents\GitHub\Personal_Projects\bird_detection_audio\birds,Redwing,xc535484.wav,6.554313,,,,,,,,,,,,,,,,,,,1,,,,,,5Ln/ekRftIXdYiqXghjSdQ==
C:\Users\AnthonyGibbons\OneDrive - Peroptyx\Documents\GitHub\Personal_Projects\bird_detection_audio\birds,Eurasian Oystercatcher,xc468802.wav,23.155148,,,,,,,,,,,,,,,,,,,1,,,,,,f2iWcc0lhF4fZfXrF9Xe7Q==
C:\Users\AnthonyGibbons\OneDrive - Peroptyx\Documents\GitHub\Personal_Projects\bird_detection_audio\birds,Redwing,xc535485.wav,12.665521,,,,,,,,,,,,,,,,,,,1,,,,,,4s1+TZysBV0naKX/fee6gg==
C:\Users\AnthonyGibbons\OneDrive - Peroptyx\Documents\GitHub\Personal_Projects\bird_detection_audio\birds,Redwing,xc575431.wav,107.870857,,,,,,,,,,,,,,,,,,,1,,,,,,VWkafUGysNrwuVX+uQzwBg==
C:\Users\AnthonyGibbons\OneDrive - Peroptyx\Documents\GitHub\Personal_Projects\bird_detection_audio\birds,Redwing,xc535709.wav,5.157146,,,,,,,,,,,,,,,,,,,1,,,,,,pjycPxUqyGF5NKT3jI3MIA==
C:\Users\AnthonyGibbons\OneDrive - Peroptyx\Documents\GitHub\Personal_Projects\bird_detection_audio\birds,European Nightjar,xc483583.wav,248.79567,,,,,,,,,,,,,,,,,,,1,,,,,,2vygHzfbUbKwI7TBzTwvog==
C:\Users\AnthonyGibbons\OneDrive - Peroptyx\Documents\GitHub\Personal_Projects\bird_detection_audio\birds,Eurasian Oystercatcher,xc471518.wav,20.950205,,,,,,,,,,,,,,,,,,,1,,,,,,ThnWLBZZq7/8reWvB5RkPA==
C:\Users\AnthonyGibbons\OneDrive - Peroptyx\Documents\GitHub\Personal_Projects\bird_detection_audio\birds,Marsh Tit,xc460311.wav,36.048981,,,,,,,,,,,,,,,,,,,1,,,,,,kk/22h7q+7qwOrZdozoA8g==
C:\Users\AnthonyGibbons\OneDrive - Peroptyx\Documents\GitHub\Personal_Projects\bird_detection_audio\birds,Eurasian Oystercatcher,xc281037.wav,27.480816,,,,,,,,,,,,,,,,,,,1,,,,,,oL8VvY+pfhnYNRXihajlDw==
C:\Users\AnthonyGibbons\OneDrive - Peroptyx\Documents\GitHub\Personal_Projects\bird_detection_audio\birds,Redwing,xc536127.wav,6.954563,,,,,,,,,,,,,,,,,,,1,,,,,,Dbbx+ZcYgLFj3WnTdz2pOw==
C:\Users\AnthonyGibbons\OneDrive - Peroptyx\Documents\GitHub\Personal_Projects\bird_detection_audio\birds,Common Moorhen,xc545991.wav,72.774986,,,,,,,,,,,,,,,,,,,1,,,,,,JfQTdTf+zvP9EsUbqW8KaA==
C:\Users\AnthonyGibbons\OneDrive - Peroptyx\Documents\GitHub\Personal_Projects\bird_detection_audio\birds,Common Moorhen,xc411754.wav,135.576569,,,,,,,,,,,,,,,,,,,1,,,,,,2Df8jT+t75sGisjn/hAM7w==
C:\Users\AnthonyGibbons\OneDrive - Peroptyx\Documents\GitHub\Personal_Projects\bird_detection_audio\birds,Common Moorhen,xc545994.wav,3.459569,,,,,,,,,,,,,,,,,,,1,,,,,,bImIwsMFex6X4KxNX8Oe0A==
C:\Users\AnthonyGibbons\OneDrive - Peroptyx\Documents\GitHub\Personal_Projects\bird_detection_audio\birds,Common Moorhen,xc547217.wav,3.94449,,,,,,,,,,,,,,,,,,,1,,,,,,m/A4IskbzDZYK6QcWpuOOw==
C:\Users\AnthonyGibbons\OneDrive - Peroptyx\Documents\GitHub\Personal_Projects\bird_detection_audio\birds,Common Moorhen,xc412257.wav,5.773061,,,,,,,,,,,,,,,,,,,1,,,,,,FBhRr9EL8zmEWE5E6vQEoA==
C:\Users\AnthonyGibbons\OneDrive - Peroptyx\Documents\GitHub\Personal_Projects\bird_detection_audio\birds,European Nightjar,xc317282.wav,340.924072,,,,,,,,,,,,,,,,,,,1,,,,,,bmewSdCi9O9Tl0Y6reGghQ==
C:\Users\AnthonyGibbons\OneDrive - Peroptyx\Documents\GitHub\Personal_Projects\bird_detection_audio\birds,Common Moorhen,xc547368.wav,16.917208,,,,,,,,,,,,,,,,,,,1,,,,,,MZBzkGvqryJrWj4YUNvD0w==
C:\Users\AnthonyGibbons\OneDrive - Peroptyx\Documents\GitHub\Personal_Projects\bird_detection_audio\birds,Redwing,xc536562.wav,29.33551,,,,,,,,,,,,,,,,,,,1,,,,,,2rF5Q6/pu6x3aEMzGmn8HQ==
C:\Users\AnthonyGibbons\OneDrive - Peroptyx\Documents\GitHub\Personal_Projects\bird_detection_audio\birds,Common Moorhen,xc421043.wav,13.636984,,,,,,,,,,,,,,,,,,,1,,,,,,zFLBj7B5b0zLGOXIsYd/gw==
C:\Users\AnthonyGibbons\OneDrive - Peroptyx\Documents\GitHub\Personal_Projects\bird_detection_audio\birds,Eurasian Oystercatcher,xc475518.wav,17.87941,,,,,,,,,,,,,,,,,,,1,,,,,,+0oZjE6yDjt/cyVqtLQmmg==
C:\Users\AnthonyGibbons\OneDrive - Peroptyx\Documents\GitHub\Personal_Projects\bird_detection_audio\birds,Marsh Tit,xc46032.wav,74.762222,,,,,,,,,,,,,,,,,,,1,,,,,,sJ2Ur8F5VI5hAhCbaWP8IQ==
C:\Users\AnthonyGibbons\OneDrive - Peroptyx\Documents\GitHub\Personal_Projects\bird_detection_audio\birds,Common Moorhen,xc548338.wav,7.973288,,,,,,,,,,,,,,,,,,,1,,,,,,GqsWaJair7mH60MBGOkPyg==
C:\Users\AnthonyGibbons\OneDrive - Peroptyx\Documents\GitHub\Personal_Projects\bird_detection_audio\birds,Common Moorhen,xc548742.wav,13.598104,,,,,,,,,,,,,,,,,,,1,,,,,,OzBtmJChBoOuZRPYaLpEIQ==
C:\Users\AnthonyGibbons\OneDrive - Peroptyx\Documents\GitHub\Personal_Projects\bird_detection_audio\birds,Redwing,xc536564.wav,9.384,,,,,,,,,,,,,,,,,,,1,,,,,,E7muta5fCT4sPU6xtKYTSQ==
C:\Users\AnthonyGibbons\OneDrive - Peroptyx\Documents\GitHub\Personal_Projects\bird_detection_audio\birds,Eurasian Oystercatcher,xc479028.wav,20.879999,,,,,,,,,,,,,,,,,,,1,,,,,,6s57o3s6HK9iufoIjEaaHA==
C:\Users\AnthonyGibbons\OneDrive - Peroptyx\Documents\GitHub\Personal_Projects\bird_detection_audio\birds,Common Moorhen,xc548772.wav,14.905167,,,,,,,,,,,,,,,,,,,1,,,,,,VxsDTaiTVVgpOouK0eLj9g==
C:\Users\AnthonyGibbons\OneDrive - Peroptyx\Documents\GitHub\Personal_Projects\bird_detection_audio\birds,Eurasian Oystercatcher,xc479855.wav,3.742948,,,,,,,,,,,,,,,,,,,1,,,,,,QH1Ec6m0yT8dSIsVqPNoCA==
C:\Users\AnthonyGibbons\OneDrive - Peroptyx\Documents\GitHub\Personal_Projects\bird_detection_audio\birds,European Nightjar,xc322347.wav,60.380001,,,,,,,,,,,,,,,,,,,1,,,,,,hSoHYYUeJ++xzVVN+3J1pg==
C:\Users\AnthonyGibbons\OneDrive - Peroptyx\Documents\GitHub\Personal_Projects\bird_detection_audio\birds,Common Moorhen,xc548774.wav,14.664,,,,,,,,,,,,,,,,,,,1,,,,,,49vkQYSDCVZ/SQtSyAZbrQ==
C:\Users\AnthonyGibbons\OneDrive - Peroptyx\Documents\GitHub\Personal_Projects\bird_detection_audio\birds,Common Moorhen,xc548777.wav,23.76,,,,,,,,,,,,,,,,,,,1,,,,,,fhefmCaQq3hLhofYcW50Bg==
C:\Users\AnthonyGibbons\OneDrive - Peroptyx\Documents\GitHub\Personal_Projects\bird_detection_audio\birds,Marsh Tit,xc462039.wav,35.84,,,,,,,,,,,,,,,,,,,1,,,,,,pDrbtfRqlmfn2I4Tf67QYg==
C:\Users\AnthonyGibbons\OneDrive - Peroptyx\Documents\GitHub\Personal_Projects\bird_detection_audio\birds,Eurasian Oystercatcher,xc480978.wav,36.487999,,,,,,,,,,,,,,,,,,,1,,,,,,FkdP7oCLydSN9j38ZpfhYA==
C:\Users\AnthonyGibbons\OneDrive - Peroptyx\Documents\GitHub\Personal_Projects\bird_detection_audio\birds,Common Moorhen,xc548778.wav,23.952,,,,,,,,,,,,,,,,,,,1,,,,,,SO5BK6w4UXYb5dHPWM9Rag==
C:\Users\AnthonyGibbons\OneDrive - Peroptyx\Documents\GitHub\Personal_Projects\bird_detection_audio\birds,Common Moorhen,xc426235.wav,79.333878,,,,,,,,,,,,,,,,,,,1,,,,,,2rxGXBLqmuJX6xxxdkmYMw==
C:\Users\AnthonyGibbons\OneDrive - Peroptyx\Documents\GitHub\Personal_Projects\bird_detection_audio\birds,Marsh Tit,xc462377.wav,15.943061,,,,,,,,,,,,,,,,,,,1,,,,,,JrKGg2ggOWsM1AK6uDGYsw==
C:\Users\AnthonyGibbons\OneDrive - Peroptyx\Documents\GitHub\Personal_Projects\bird_detection_audio\birds,European Nightjar,xc323840.wav,31.104,,,,,,,,,,,,,,,,,,,1,,,,,,5zliDaXUaooojGuNSFv1rA==
C:\Users\AnthonyGibbons\OneDrive - Peroptyx\Documents\GitHub\Personal_Projects\bird_detection_audio\birds,Common Moorhen,xc549134.wav,5.572653,,,,,,,,,,,,,,,,,,,1,,,,,,BNNNc8H26jVUjSiEt4NI8w==
C:\Users\AnthonyGibbons\OneDrive - Peroptyx\Documents\GitHub\Personal_Projects\bird_detection_audio\birds,European Nightjar,xc484858.wav,317.453766,,,,,,,,,,,,,,,,,,,1,,,,,,j03IaE8h6OJ9Spy8jsyNog==
C:\Users\AnthonyGibbons\OneDrive - Peroptyx\Documents\GitHub\Personal_Projects\bird_detection_audio\birds,Marsh Tit,xc462378.wav,21.633083,,,,,,,,,,,,,,,,,,,1,,,,,,9g2cXtr3vOo7rXuYth5jTQ==
C:\Users\AnthonyGibbons\OneDrive - Peroptyx\Documents\GitHub\Personal_Projects\bird_detection_audio\birds,Redwing,xc536566.wav,37.223999,,,,,,,,,,,,,,,,,,,1,,,,,,+MVq2HiyCBDjHi1yY9HcPQ==
C:\Users\AnthonyGibbons\OneDrive - Peroptyx\Documents\GitHub\Personal_Projects\bird_detection_audio\birds,Eurasian Oystercatcher,xc281038.wav,95.294693,,,,,,,,,,,,,,,,,,,1,,,,,,nxHNwLraMX0Jyc12BCxO9g==
C:\Users\AnthonyGibbons\OneDrive - Peroptyx\Documents\GitHub\Personal_Projects\bird_detection_audio\birds,Common Moorhen,xc549541.wav,8.003708,,,,,,,,,,,,,,,,,,,1,,,,,,fGUlFQ15iGHjyVhSHhvMNw==
C:\Users\AnthonyGibbons\OneDrive - Peroptyx\Documents\GitHub\Personal_Projects\bird_detection_audio\birds,Redwing,xc536569.wav,10.896,,,,,,,,,,,,,,,,,,,1,,,,,,lDB09y1oEXZDvySYMSw86g==
C:\Users\AnthonyGibbons\OneDrive - Peroptyx\Documents\GitHub\Personal_Projects\bird_detection_audio\birds,Common Moorhen,xc428499.wav,35.996735,,,,,,,,,,,,,,,,,,,1,,,,,,VRBPlo321ysiiAqnGxwsnA==
C:\Users\AnthonyGibbons\OneDrive - Peroptyx\Documents\GitHub\Personal_Projects\bird_detection_audio\birds,Redwing,xc537686.wav,1.873447,,,,,,,,,,,,,,,,,,,1,,,,,,USjBXpBhy5DZk3fgiZCWQQ==
C:\Users\AnthonyGibbons\OneDrive - Peroptyx\Documents\GitHub\Personal_Projects\bird_detection_audio\birds,Redwing,xc537687.wav,10.156894,,,,,,,,,,,,,,,,,,,1,,,,,,WTqv9eLHDDVyQTb9ndnk8w==
C:\Users\AnthonyGibbons\OneDrive - Peroptyx\Documents\GitHub\Personal_Projects\bird_detection_audio\birds,Common Moorhen,xc432930.wav,10.296,,,,,,,,,,,,,,,,,,,1,,,,,,BnI8ET8K4U1z4Gju1oVZow==
C:\Users\AnthonyGibbons\OneDrive - Peroptyx\Documents\GitHub\Personal_Projects\bird_detection_audio\birds,Redwing,xc538147.wav,5.30746,,,,,,,,,,,,,,,,,,,1,,,,,,dXUbXVvjaQjzdayaReqizA==
C:\Users\AnthonyGibbons\OneDrive - Peroptyx\Documents\GitHub\Personal_Projects\bird_detection_audio\birds,Common Moorhen,xc432931.wav,9.411,,,,,,,,,,,,,,,,,,,1,,,,,,T6WmXOGF324Zgv2TjgjPrQ==
C:\Users\AnthonyGibbons\OneDrive - Peroptyx\Documents\GitHub\Personal_Projects\bird_detection_audio\birds,Eurasian Oystercatcher,xc281039.wav,19.382856,,,,,,,,,,,,,,,,,,,1,,,,,,Oq+B1rTcjEDGaH0rCn44xg==
C:\Users\AnthonyGibbons\OneDrive - Peroptyx\Documents\GitHub\Personal_Projects\bird_detection_audio\birds,Common Moorhen,xc552666.wav,21.013605,,,,,,,,,,,,,,,,,,,1,,,,,,BRpI8vcFKvd80cS5H68eag==
C:\Users\AnthonyGibbons\OneDrive - Peroptyx\Documents\GitHub\Personal_Projects\bird_detection_audio\birds,Marsh Tit,xc462379.wav,74.389206,,,,,,,,,,,,,,,,,,,1,,,,,,NYk/EiH+Qt/BFHtBn9JkbQ==
C:\Users\AnthonyGibbons\OneDrive - Peroptyx\Documents\GitHub\Personal_Projects\bird_detection_audio\birds,European Nightjar,xc486116.wav,60.656326,,,,,,,,,,,,,,,,,,,1,,,,,,Tqh1kUz2hI9Lz6MOWhTGJQ==
C:\Users\AnthonyGibbons\OneDrive - Peroptyx\Documents\GitHub\Personal_Projects\bird_detection_audio\birds,Common Moorhen,xc554713.wav,9.459025,,,,,,,,,,,,,,,,,,,1,,,,,,vterdDt2NK1hofpe5T4SOA==
C:\Users\AnthonyGibbons\OneDrive - Peroptyx\Documents\GitHub\Personal_Projects\bird_detection_audio\birds,Eurasian Oystercatcher,xc281040.wav,14.994286,,,,,,,,,,,,,,,,,,,1,,,,,,siCJFgId/SF7kiUt59/hqA==
C:\Users\AnthonyGibbons\OneDrive - Peroptyx\Documents\GitHub\Personal_Projects\bird_detection_audio\birds,Marsh Tit,xc462380.wav,24.853809,,,,,,,,,,,,,,,,,,,1,,,,,,RTPsAg7sNzATAaZe2yrR0g==
C:\Users\AnthonyGibbons\OneDrive - Peroptyx\Documents\GitHub\Personal_Projects\bird_detection_audio\birds,Common Moorhen,xc559153.wav,5.619229,,,,,,,,,,,,,,,,,,,1,,,,,,7ptwLXD9LxiAAE5v5MDA7g==
C:\Users\AnthonyGibbons\OneDrive - Peroptyx\Documents\GitHub\Personal_Projects\bird_detection_audio\birds,Common Moorhen,xc435793.wav,34.198978,,,,,,,,,,,,,,,,,,,1,,,,,,oi8mTXejY6UDYEQcGKBGAw==
C:\Users\AnthonyGibbons\OneDrive - Peroptyx\Documents\GitHub\Personal_Projects\bird_detection_audio\birds,European Nightjar,xc486748.wav,54.048,,,,,,,,,,,,,,,,,,,1,,,,,,uP2Di99jfo7mF/4DUSoAYw==
C:\Users\AnthonyGibbons\OneDrive - Peroptyx\Documents\GitHub\Personal_Projects\bird_detection_audio\birds,European Nightjar,xc323841.wav,109.547997,,,,,,,,,,,,,,,,,,,1,,,,,,FHvwCSFNFIuejnTF85y5rg==
C:\Users\AnthonyGibbons\OneDrive - Peroptyx\Documents\GitHub\Personal_Projects\bird_detection_audio\birds,Common Moorhen,xc436203.wav,6.164898,,,,,,,,,,,,,,,,,,,1,,,,,,B1KwcgR7ctN0/2UYFY3duQ==
C:\Users\AnthonyGibbons\OneDrive - Peroptyx\Documents\GitHub\Personal_Projects\bird_detection_audio\birds,Redwing,xc577749.wav,175.516739,,,,,,,,,,,,,,,,,,,1,,,,,,peXYESCYVd44jtvdKZFxKQ==
C:\Users\AnthonyGibbons\OneDrive - Peroptyx\Documents\GitHub\Personal_Projects\bird_detection_audio\birds,Eurasian Oystercatcher,xc281041.wav,27.951021,,,,,,,,,,,,,,,,,,,1,,,,,,EZ32N17EEddcfw3wuEPBfQ==
C:\Users\AnthonyGibbons\OneDrive - Peroptyx\Documents\GitHub\Personal_Projects\bird_detection_audio\birds,Redwing,xc591725.wav,8.714989,,,,,,,,,,,,,,,,,,,1,,,,,,m1ZRoc1vlJSDds8amcSK7w==
C:\Users\AnthonyGibbons\OneDrive - Peroptyx\Documents\GitHub\Personal_Projects\bird_detection_audio\birds,Common Moorhen,xc436938.wav,9.795918,,,,,,,,,,,,,,,,,,,1,,,,,,yrBYVWW/JP1E3aT88mBz2g==
C:\Users\AnthonyGibbons\OneDrive - Peroptyx\Documents\GitHub\Personal_Projects\bird_detection_audio\birds,Redwing,xc595055.wav,1.984917,,,,,,,,,,,,,,,,,,,1,,,,,,f5a4fvLOs5aAdKMHfKDlDA==
C:\Users\AnthonyGibbons\OneDrive - Peroptyx\Documents\GitHub\Personal_Projects\bird_detection_audio\birds,Eurasian Oystercatcher,xc483710.wav,68.035728,,,,,,,,,,,,,,,,,,,1,,,,,,lUdZNJfil6KAs6uz+TNqyg==
C:\Users\AnthonyGibbons\OneDrive - Peroptyx\Documents\GitHub\Personal_Projects\bird_detection_audio\birds,Common Moorhen,xc437084.wav,2.507755,,,,,,,,,,,,,,,,,,,1,,,,,,SXwA5glWpNxzGB6y7ZT9xw==
C:\Users\AnthonyGibbons\OneDrive - Peroptyx\Documents\GitHub\Personal_Projects\bird_detection_audio\birds,Eurasian Oystercatcher,xc281042.wav,12.460408,,,,,,,,,,,,,,,,,,,1,,,,,,REeJBQkkN1XUYFALnGle/A==
C:\Users\AnthonyGibbons\OneDrive - Peroptyx\Documents\GitHub\Personal_Projects\bird_detection_audio\birds,Redwing,xc538389.wav,39.796486,,,,,,,,,,,,,,,,,,,1,,,,,,8g4pSFS8geOFurcEbzWDqA==
C:\Users\AnthonyGibbons\OneDrive - Peroptyx\Documents\GitHub\Personal_Projects\bird_detection_audio\birds,Redwing,xc595823.wav,4.127347,,,,,,,,,,,,,,,,,,,1,,,,,,ibsGtGbqIgtOC/8XwC5MNw==
C:\Users\AnthonyGibbons\OneDrive - Peroptyx\Documents\GitHub\Personal_Projects\bird_detection_audio\birds,Common Moorhen,xc439214.wav,4.399333,,,,,,,,,,,,,,,,,,,1,,,,,,k2UfRECVQrAuCMvhuYRM/g==
C:\Users\AnthonyGibbons\OneDrive - Peroptyx\Documents\GitHub\Personal_Projects\bird_detection_audio\birds,Redwing,xc597085.wav,2.276916,,,,,,,,,,,,,,,,,,,1,,,,,,CI9XnW0DY4CP2vlpl0xOTA==
C:\Users\AnthonyGibbons\OneDrive - Peroptyx\Documents\GitHub\Personal_Projects\bird_detection_audio\birds,Redwing,xc597138.wav,5.863288,,,,,,,,,,,,,,,,,,,1,,,,,,h38xHU5499ZySeIXBX1C/Q==
C:\Users\AnthonyGibbons\OneDrive - Peroptyx\Documents\GitHub\Personal_Projects\bird_detection_audio\birds,Redwing,xc597994.wav,2.681995,,,,,,,,,,,,,,,,,,,1,,,,,,ZD53kcKukrMdJDisgCkpfg==
C:\Users\AnthonyGibbons\OneDrive - Peroptyx\Documents\GitHub\Personal_Projects\bird_detection_audio\birds,Redwing,xc597995.wav,10.626032,,,,,,,,,,,,,,,,,,,1,,,,,,LhHfFYULWKLuuVg1+qmeYg==
C:\Users\AnthonyGibbons\OneDrive - Peroptyx\Documents\GitHub\Personal_Projects\bird_detection_audio\birds,Redwing,xc538392.wav,33.776325,,,,,,,,,,,,,,,,,,,1,,,,,,G3aNz05ELMwr0N4bFFeo1Q==
C:\Users\AnthonyGibbons\OneDrive - Peroptyx\Documents\GitHub\Personal_Projects\bird_detection_audio\birds,Redwing,xc598664.wav,2.57225,,,,,,,,,,,,,,,,,,,1,,,,,,ZJ+lkgBoC8/D6GTx+cL9Qg==
C:\Users\AnthonyGibbons\OneDrive - Peroptyx\Documents\GitHub\Personal_Projects\bird_detection_audio\birds,Common Moorhen,xc440482.wav,31.190205,,,,,,,,,,,,,,,,,,,1,,,,,,gxVzyOaX64/3G8im8B0ddA==
C:\Users\AnthonyGibbons\OneDrive - Peroptyx\Documents\GitHub\Personal_Projects\bird_detection_audio\birds,Redwing,xc598667.wav,4.177292,,,,,,,,,,,,,,,,,,,1,,,,,,x3ebzzcpaNY5G4CQlvbUQg==
C:\Users\AnthonyGibbons\OneDrive - Peroptyx\Documents\GitHub\Personal_Projects\bird_detection_audio\birds,Redwing,xc598668.wav,4.794625,,,,,,,,,,,,,,,,,,,1,,,,,,RQWhQ3/DZMHJFFSy1MK5PQ==
C:\Users\AnthonyGibbons\OneDrive - Peroptyx\Documents\GitHub\Personal_Projects\bird_detection_audio\birds,Common Moorhen,xc446995.wav,3.672,,,,,,,,,,,,,,,,,,,1,,,,,,7as1N/ZZ5CmQ5+sZ3/rbSA==
C:\Users\AnthonyGibbons\OneDrive - Peroptyx\Documents\GitHub\Personal_Projects\bird_detection_audio\birds,Common Moorhen,xc564468.wav,59.167347,,,,,,,,,,,,,,,,,,,1,,,,,,+3XHDMDWmBNbAQPdFx/Vqw==
C:\Users\AnthonyGibbons\OneDrive - Peroptyx\Documents\GitHub\Personal_Projects\bird_detection_audio\birds,Eurasian Oystercatcher,xc281043.wav,23.040001,,,,,,,,,,,,,,,,,,,1,,,,,,xthGoiwKvyRGoHJpa3Ehkw==
C:\Users\AnthonyGibbons\OneDrive - Peroptyx\Documents\GitHub\Personal_Projects\bird_detection_audio\birds,European Nightjar,xc324742.wav,70.584038,,,,,,,,,,,,,,,,,,,1,,,,,,fZ3ZRqmyeJvOIsaojD+P3Q==
C:\Users\AnthonyGibbons\OneDrive - Peroptyx\Documents\GitHub\Personal_Projects\bird_detection_audio\birds,Eurasian Oystercatcher,xc288770.wav,9.034671,,,,,,,,,,,,,,,,,,,1,,,,,,T2q+11bnkdNmT6R0Amk/Ow==
C:\Users\AnthonyGibbons\OneDrive - Peroptyx\Documents\GitHub\Personal_Projects\bird_detection_audio\birds,Common Moorhen,xc567157.wav,41.32021,,,,,,,,,,,,,,,,,,,1,,,,,,UIq7Ebeh4sUq62jiuyINIA==
C:\Users\AnthonyGibbons\OneDrive - Peroptyx\Documents\GitHub\Personal_Projects\bird_detection_audio\birds,Redwing,xc599086.wav,23.382698,,,,,,,,,,,,,,,,,,,1,,,,,,T5+6cE8AAZKEb3p08ct+BA==
C:\Users\AnthonyGibbons\OneDrive - Peroptyx\Documents\GitHub\Personal_Projects\bird_detection_audio\birds,Redwing,xc538395.wav,23.939863,,,,,,,,,,,,,,,,,,,1,,,,,,ZaulwypuuWMn63XDqOYW9A==
C:\Users\AnthonyGibbons\OneDrive - Peroptyx\Documents\GitHub\Personal_Projects\bird_detection_audio\birds,Redwing,xc599693.wav,3.008186,,,,,,,,,,,,,,,,,,,1,,,,,,M9aIdk+tGJxsJunS8N46pg==
C:\Users\AnthonyGibbons\OneDrive - Peroptyx\Documents\GitHub\Personal_Projects\bird_detection_audio\birds,Common Moorhen,xc448765.wav,77.807938,,,,,,,,,,,,,,,,,,,1,,,,,,lyKU4BudsQu0QQA6Bh1NJA==
C:\Users\AnthonyGibbons\OneDrive - Peroptyx\Documents\GitHub\Personal_Projects\bird_detection_audio\birds,Common Moorhen,xc448908.wav,2.76898,,,,,,,,,,,,,,,,,,,1,,,,,,QLXI+B6/V8viFBfffCv+AA==
C:\Users\AnthonyGibbons\OneDrive - Peroptyx\Documents\GitHub\Personal_Projects\bird_detection_audio\birds,Common Moorhen,xc452357.wav,7.774271,,,,,,,,,,,,,,,,,,,1,,,,,,L/L/FwEhclKpeOtUNlwgGw==
C:\Users\AnthonyGibbons\OneDrive - Peroptyx\Documents\GitHub\Personal_Projects\bird_detection_audio\birds,Eurasian Oystercatcher,xc487311.wav,142.588867,,,,,,,,,,,,,,,,,,,1,,,,,,DeRvXqREsPTmvLvSgeg1Qg==
C:\Users\AnthonyGibbons\OneDrive - Peroptyx\Documents\GitHub\Personal_Projects\bird_detection_audio\birds,Common Moorhen,xc454200.wav,12.585333,,,,,,,,,,,,,,,,,,,1,,,,,,gBdWPuTybipDOGkKTJ2CQA==
C:\Users\AnthonyGibbons\OneDrive - Peroptyx\Documents\GitHub\Personal_Projects\bird_detection_audio\birds,Eurasian Oystercatcher,xc487313.wav,19.548412,,,,,,,,,,,,,,,,,,,1,,,,,,XEKDohKP4jIUyonnlLHpsA==
C:\Users\AnthonyGibbons\OneDrive - Peroptyx\Documents\GitHub\Personal_Projects\bird_detection_audio\birds,Eurasian Oystercatcher,xc288771.wav,32.986214,,,,,,,,,,,,,,,,,,,1,,,,,,H0DQS3RvWZe3CAC++aIymQ==
C:\Users\AnthonyGibbons\OneDrive - Peroptyx\Documents\GitHub\Personal_Projects\bird_detection_audio\birds,Eurasian Oystercatcher,xc487380.wav,23.702999,,,,,,,,,,,,,,,,,,,1,,,,,,8F/Hkh26u/tg5kuqsOKofw==
C:\Users\AnthonyGibbons\OneDrive - Peroptyx\Documents\GitHub\Personal_Projects\bird_detection_audio\birds,Common Moorhen,xc455341.wav,26.00635,,,,,,,,,,,,,,,,,,,1,,,,,,KrXUgxAc4gN19ixvtd0ekw==
C:\Users\AnthonyGibbons\OneDrive - Peroptyx\Documents\GitHub\Personal_Projects\bird_detection_audio\birds,Eurasian Oystercatcher,xc288772.wav,25.527187,,,,,,,,,,,,,,,,,,,1,,,,,,OmZKXKPX0FS+Adh5X0+cjw==
C:\Users\AnthonyGibbons\OneDrive - Peroptyx\Documents\GitHub\Personal_Projects\bird_detection_audio\birds,Common Moorhen,xc456930.wav,7.711104,,,,,,,,,,,,,,,,,,,1,,,,,,oI7y+/I0puiBScZ4pu15bw==
C:\Users\AnthonyGibbons\OneDrive - Peroptyx\Documents\GitHub\Personal_Projects\bird_detection_audio\birds,Common Moorhen,xc459964.wav,3.658027,,,,,,,,,,,,,,,,,,,1,,,,,,/mD2rukz8qELzm/mgaa/hA==
C:\Users\AnthonyGibbons\OneDrive - Peroptyx\Documents\GitHub\Personal_Projects\bird_detection_audio\birds,Eurasian Oystercatcher,xc487601.wav,39.400295,,,,,,,,,,,,,,,,,,,1,,,,,,dDThOJMWTIQ0nl7rk5U63w==
C:\Users\AnthonyGibbons\OneDrive - Peroptyx\Documents\GitHub\Personal_Projects\bird_detection_audio\birds,European Nightjar,xc486956.wav,123.767998,,,,,,,,,,,,,,,,,,,1,,,,,,iUx9kB95kH/os6A1aeIF0w==
C:\Users\AnthonyGibbons\OneDrive - Peroptyx\Documents\GitHub\Personal_Projects\bird_detection_audio\birds,Redwing,xc599737.wav,88.526871,,,,,,,,,,,,,,,,,,,1,,,,,,HtVasAG1rMICEtpfuUvYYQ==
C:\Users\AnthonyGibbons\OneDrive - Peroptyx\Documents\GitHub\Personal_Projects\bird_detection_audio\birds,Common Moorhen,xc568974.wav,88.944,,,,,,,,,,,,,,,,,,,1,,,,,,RgPhL4DcFx7m+G1NzuNRDg==
C:\Users\AnthonyGibbons\OneDrive - Peroptyx\Documents\GitHub\Personal_Projects\bird_detection_audio\birds,Eurasian Oystercatcher,xc487602.wav,19.001995,,,,,,,,,,,,,,,,,,,1,,,,,,0fl76YRwOE6x8Lm9R+FEKw==
C:\Users\AnthonyGibbons\OneDrive - Peroptyx\Documents\GitHub\Personal_Projects\bird_detection_audio\birds,Common Moorhen,xc466157.wav,16.368,,,,,,,,,,,,,,,,,,,1,,,,,,sGwuEcbGprK+dhi/c4+eug==
C:\Users\AnthonyGibbons\OneDrive - Peroptyx\Documents\GitHub\Personal_Projects\bird_detection_audio\birds,Common Moorhen,xc570105.wav,9.36059,,,,,,,,,,,,,,,,,,,1,,,,,,15UrMZR3ZTfSu4g0FV2lhg==
C:\Users\AnthonyGibbons\OneDrive - Peroptyx\Documents\GitHub\Personal_Projects\bird_detection_audio\birds,Common Moorhen,xc466994.wav,6.803447,,,,,,,,,,,,,,,,,,,1,,,,,,0AQTUzBPeW3Z2wiVplJ2eg==
C:\Users\AnthonyGibbons\OneDrive - Peroptyx\Documents\GitHub\Personal_Projects\bird_detection_audio\birds,Redwing,xc599738.wav,23.396938,,,,,,,,,,,,,,,,,,,1,,,,,,CbI/iSBf+TMPfh1D5+fRrw==
C:\Users\AnthonyGibbons\OneDrive - Peroptyx\Documents\GitHub\Personal_Projects\bird_detection_audio\birds,Common Moorhen,xc570106.wav,11.967755,,,,,,,,,,,,,,,,,,,1,,,,,,HDY9f+0mO5+u6pEUNuSMaQ==
C:\Users\AnthonyGibbons\OneDrive - Peroptyx\Documents\GitHub\Personal_Projects\bird_detection_audio\birds,European Nightjar,xc326855.wav,83.012428,,,,,,,,,,,,,,,,,,,1,,,,,,fuYxzWxnlo/0dbG066QnRQ==
C:\Users\AnthonyGibbons\OneDrive - Peroptyx\Documents\GitHub\Personal_Projects\bird_detection_audio\birds,Common Moorhen,xc467260.wav,29.753469,,,,,,,,,,,,,,,,,,,1,,,,,,9kixpKpVIENh44bvF0+rsQ==
C:\Users\AnthonyGibbons\OneDrive - Peroptyx\Documents\GitHub\Personal_Projects\bird_detection_audio\birds,Common Moorhen,xc467804.wav,1.901521,,,,,,,,,,,,,,,,,,,1,,,,,,0wyvgCuxph+kq3KENuTPMg==
C:\Users\AnthonyGibbons\OneDrive - Peroptyx\Documents\GitHub\Personal_Projects\bird_detection_audio\birds,Redwing,xc538396.wav,98.625763,,,,,,,,,,,,,,,,,,,1,,,,,,nWZNBWBzfecovoEqydJNWA==
C:\Users\AnthonyGibbons\OneDrive - Peroptyx\Documents\GitHub\Personal_Projects\bird_detection_audio\birds,Eurasian Oystercatcher,xc53817.wav,78.027756,,,,,,,,,,,,,,,,,,,1,,,,,,iT3n7xjCneJK7diAM0jbwQ==
C:\Users\AnthonyGibbons\OneDrive - Peroptyx\Documents\GitHub\Personal_Projects\bird_detection_audio\birds,Marsh Tit,xc463234.wav,251.770996,,,,,,,,,,,,,,,,,,,1,,,,,,k6+LUwUQfjl060dCb9Ylcw==
C:\Users\AnthonyGibbons\OneDrive - Peroptyx\Documents\GitHub\Personal_Projects\bird_detection_audio\birds,Common Moorhen,xc570107.wav,22.812086,,,,,,,,,,,,,,,,,,,1,,,,,,ZDGepDc3lla2Ut5ud9EHOQ==
C:\Users\AnthonyGibbons\OneDrive - Peroptyx\Documents\GitHub\Personal_Projects\bird_detection_audio\birds,Common Moorhen,xc470195.wav,19.608,,,,,,,,,,,,,,,,,,,1,,,,,,TAs77LPA4yT1EPrZTEdPRQ==
C:\Users\AnthonyGibbons\OneDrive - Peroptyx\Documents\GitHub\Personal_Projects\bird_detection_audio\birds,Marsh Tit,xc463247.wav,10.34449,,,,,,,,,,,,,,,,,,,1,,,,,,ikw7Tjn/gFWAKprWDOZTmg==
C:\Users\AnthonyGibbons\OneDrive - Peroptyx\Documents\GitHub\Personal_Projects\bird_detection_audio\birds,Common Moorhen,xc471585.wav,8.43034,,,,,,,,,,,,,,,,,,,1,,,,,,/EfrbSIGOH4r077+FoTDVA==
C:\Users\AnthonyGibbons\OneDrive - Peroptyx\Documents\GitHub\Personal_Projects\bird_detection_audio\birds,Common Moorhen,xc474828.wav,5.003896,,,,,,,,,,,,,,,,,,,1,,,,,,A3z0p9hdGAgQ4z+QnQWtzQ==
C:\Users\AnthonyGibbons\OneDrive - Peroptyx\Documents\GitHub\Personal_Projects\bird_detection_audio\birds,Common Moorhen,xc570108.wav,10.20288,,,,,,,,,,,,,,,,,,,1,,,,,,vIIGY6aEhjSLBV9Fjnz03Q==
C:\Users\AnthonyGibbons\OneDrive - Peroptyx\Documents\GitHub\Personal_Projects\bird_detection_audio\birds,Eurasian Oystercatcher,xc298602.wav,95.425308,,,,,,,,,,,,,,,,,,,1,,,,,,G2SGQ9VrTx5lqvs7TACKqg==
C:\Users\AnthonyGibbons\OneDrive - Peroptyx\Documents\GitHub\Personal_Projects\bird_detection_audio\birds,Common Moorhen,xc570246.wav,5.460658,,,,,,,,,,,,,,,,,,,1,,,,,,/YFGYIfZ7p4EJHrtkMdQng==
C:\Users\AnthonyGibbons\OneDrive - Peroptyx\Documents\GitHub\Personal_Projects\bird_detection_audio\birds,Eurasian Oystercatcher,xc76241.wav,60.96957,,,,,,,,,,,,,,,,,,,1,,,,,,3o6u/uieL4x1Xm6dwO6pwQ==
C:\Users\AnthonyGibbons\OneDrive - Peroptyx\Documents\GitHub\Personal_Projects\bird_detection_audio\birds,Common Moorhen,xc570309.wav,9.349093,,,,,,,,,,,,,,,,,,,1,,,,,,1jRM65KcOKJN5T6dCAstUQ==
C:\Users\AnthonyGibbons\OneDrive - Peroptyx\Documents\GitHub\Personal_Projects\bird_detection_audio\birds,Common Moorhen,xc477749.wav,13.458096,,,,,,,,,,,,,,,,,,,1,,,,,,T0WUvyKtoeaap1HIzgOvRg==
C:\Users\AnthonyGibbons\OneDrive - Peroptyx\Documents\GitHub\Personal_Projects\bird_detection_audio\birds,Redwing,xc540059.wav,38.311977,,,,,,,,,,,,,,,,,,,1,,,,,,9RTo/jooXOgWALNnOABRew==
C:\Users\AnthonyGibbons\OneDrive - Peroptyx\Documents\GitHub\Personal_Projects\bird_detection_audio\birds,Common Moorhen,xc570316.wav,5.807256,,,,,,,,,,,,,,,,,,,1,,,,,,8/hiBOB/BzBRkTpKv/ZMuw==
C:\Users\AnthonyGibbons\OneDrive - Peroptyx\Documents\GitHub\Personal_Projects\bird_detection_audio\birds,Redwing,xc540688.wav,2.675011,,,,,,,,,,,,,,,,,,,1,,,,,,jKyQtbbhPBlyLLVwbY3uRg==
C:\Users\AnthonyGibbons\OneDrive - Peroptyx\Documents\GitHub\Personal_Projects\bird_detection_audio\birds,European Nightjar,xc156388.wav,46.105896,,,,,,,,,,,,,,,,,,,1,,,,,,kM0VEDZuIRGM2XQbfFma6A==
C:\Users\AnthonyGibbons\OneDrive - Peroptyx\Documents\GitHub\Personal_Projects\bird_detection_audio\birds,Common Moorhen,xc478568.wav,16.788027,,,,,,,,,,,,,,,,,,,1,,,,,,9VUHzuiaN7BCaa3ijJ2NRw==
C:\Users\AnthonyGibbons\OneDrive - Peroptyx\Documents\GitHub\Personal_Projects\bird_detection_audio\birds,Common Moorhen,xc570317.wav,5.50873,,,,,,,,,,,,,,,,,,,1,,,,,,prBWaoKHgjtgL/GsBSuoBA==
C:\Users\AnthonyGibbons\OneDrive - Peroptyx\Documents\GitHub\Personal_Projects\bird_detection_audio\birds,Redwing,xc541708.wav,1.888854,,,,,,,,,,,,,,,,,,,1,,,,,,sWVUElxdJeti2OZ5vHY95g==
C:\Users\AnthonyGibbons\OneDrive - Peroptyx\Documents\GitHub\Personal_Projects\bird_detection_audio\birds,Redwing,xc542167.wav,4.388571,,,,,,,,,,,,,,,,,,,1,,,,,,obLwhrDydxS4tQie7+FZww==
C:\Users\AnthonyGibbons\OneDrive - Peroptyx\Documents\GitHub\Personal_Projects\bird_detection_audio\birds,Common Moorhen,xc478876.wav,9.700113,,,,,,,,,,,,,,,,,,,1,,,,,,vs5KhEGe/ITBxDNykfeujA==
C:\Users\AnthonyGibbons\OneDrive - Peroptyx\Documents\GitHub\Personal_Projects\bird_detection_audio\birds,Redwing,xc542937.wav,7.501179,,,,,,,,,,,,,,,,,,,1,,,,,,Q/n7WQrDOXtWjROzNRlfjw==
C:\Users\AnthonyGibbons\OneDrive - Peroptyx\Documents\GitHub\Personal_Projects\bird_detection_audio\birds,Common Moorhen,xc479846.wav,3.973313,,,,,,,,,,,,,,,,,,,1,,,,,,QD1qZLkmBXtEeKQWl+Mlnw==
C:\Users\AnthonyGibbons\OneDrive - Peroptyx\Documents\GitHub\Personal_Projects\bird_detection_audio\birds,Redwing,xc543202.wav,2.56458,,,,,,,,,,,,,,,,,,,1,,,,,,l1jZQZUcmoQbgDflQrIsFw==
C:\Users\AnthonyGibbons\OneDrive - Peroptyx\Documents\GitHub\Personal_Projects\bird_detection_audio\birds,Redwing,xc543227.wav,1.972086,,,,,,,,,,,,,,,,,,,1,,,,,,Yhlqthi9/NWR54PNamruZw==
C:\Users\AnthonyGibbons\OneDrive - Peroptyx\Documents\GitHub\Personal_Projects\bird_detection_audio\birds,European Nightjar,xc327402.wav,220.53038,,,,,,,,,,,,,,,,,,,1,,,,,,6Pl23nO3w1N0MM9X0WbIQQ==
C:\Users\AnthonyGibbons\OneDrive - Peroptyx\Documents\GitHub\Personal_Projects\bird_detection_audio\birds,Redwing,xc543319.wav,7.731905,,,,,,,,,,,,,,,,,,,1,,,,,,rbJs4CEruB+r7hgf0V1vHw==
C:\Users\AnthonyGibbons\OneDrive - Peroptyx\Documents\GitHub\Personal_Projects\bird_detection_audio\birds,European Nightjar,xc195301.wav,29.68,,,,,,,,,,,,,,,,,,,1,,,,,,N5sitasADt6iisfJy8wIAA==
C:\Users\AnthonyGibbons\OneDrive - Peroptyx\Documents\GitHub\Personal_Projects\bird_detection_audio\birds,European Nightjar,xc487106.wav,131.184006,,,,,,,,,,,,,,,,,,,1,,,,,,T5ODe7dEnHoFNlCbo2kHoA==
C:\Users\AnthonyGibbons\OneDrive - Peroptyx\Documents\GitHub\Personal_Projects\bird_detection_audio\birds,Common Moorhen,xc82701.wav,82.625305,,,,,,,,,,,,,,,,,,,1,,,,,,sJDzNaFzKoHVP/68kC+wLw==
C:\Users\AnthonyGibbons\OneDrive - Peroptyx\Documents\GitHub\Personal_Projects\bird_detection_audio\birds,Eurasian Oystercatcher,xc317477.wav,69.933151,,,,,,,,,,,,,,,,,,,1,,,,,,jTO4/agh/qYX5YEEdKtzhA==
C:\Users\AnthonyGibbons\OneDrive - Peroptyx\Documents\GitHub\Personal_Projects\bird_detection_audio\birds,Common Moorhen,xc89530.wav,6.347528,,,,,,,,,,,,,,,,,,,1,,,,,,ZxBtAPGJbI54F2fz5YyddQ==
C:\Users\AnthonyGibbons\OneDrive - Peroptyx\Documents\GitHub\Personal_Projects\bird_detection_audio\birds,Common Moorhen,xc486755.wav,33.524208,,,,,,,,,,,,,,,,,,,1,,,,,,XKLG3ex+FMIwJqkrO5LdDA==
C:\Users\AnthonyGibbons\OneDrive - Peroptyx\Documents\GitHub\Personal_Projects\bird_detection_audio\birds,Marsh Tit,xc469805.wav,80.090363,,,,,,,,,,,,,,,,,,,1,,,,,,7xu78Ml1Ls4KVEE0ept4eA==
C:\Users\AnthonyGibbons\OneDrive - Peroptyx\Documents\GitHub\Personal_Projects\bird_detection_audio\birds,European Nightjar,xc487189.wav,14.640182,,,,,,,,,,,,,,,,,,,1,,,,,,LevcA9tEuTsU18iIYeEkYQ==
C:\Users\AnthonyGibbons\OneDrive - Peroptyx\Documents\GitHub\Personal_Projects\bird_detection_audio\birds,European Nightjar,xc343180.wav,33.762062,,,,,,,,,,,,,,,,,,,1,,,,,,rbrhBkWMfwI11v810c3Iig==
C:\Users\AnthonyGibbons\OneDrive - Peroptyx\Documents\GitHub\Personal_Projects\bird_detection_audio\birds,Eurasian Oystercatcher,xc317698.wav,19.923038,,,,,,,,,,,,,,,,,,,1,,,,,,hsBVZbL2msO3T0Ytwb48yQ==
C:\Users\AnthonyGibbons\OneDrive - Peroptyx\Documents\GitHub\Personal_Projects\bird_detection_audio\birds,European Nightjar,xc343885.wav,18.416327,,,,,,,,,,,,,,,,,,,1,,,,,,+qJK4XATPy3OGC2U0QcNcA==
C:\Users\AnthonyGibbons\OneDrive - Peroptyx\Documents\GitHub\Personal_Projects\bird_detection_audio\birds,Common Moorhen,xc487692.wav,25.667875,,,,,,,,,,,,,,,,,,,1,,,,,,qnktQC/yttFqhZTySLW0jQ==
C:\Users\AnthonyGibbons\OneDrive - Peroptyx\Documents\GitHub\Personal_Projects\bird_detection_audio\birds,Eurasian Oystercatcher,xc143551.wav,46.18449,,,,,,,,,,,,,,,,,,,1,,,,,,60vATBJbH/e7AtAFxTBkUA==
C:\Users\AnthonyGibbons\OneDrive - Peroptyx\Documents\GitHub\Personal_Projects\bird_detection_audio\birds,European Nightjar,xc67229.wav,41.97855,,,,,,,,,,,,,,,,,,,1,,,,,,P8AqhREFCAvPpmXXGAUAuQ==
C:\Users\AnthonyGibbons\OneDrive - Peroptyx\Documents\GitHub\Personal_Projects\bird_detection_audio\birds,Redwing,xc599739.wav,235.714355,,,,,,,,,,,,,,,,,,,1,,,,,,rLIQ+RKjKX0ACfjVh4++yw==
C:\Users\AnthonyGibbons\OneDrive - Peroptyx\Documents\GitHub\Personal_Projects\bird_detection_audio\birds,Marsh Tit,xc26578.wav,28.917551,,,,,,,,,,,,,,,,,,,1,,,,,,U2kGj2/D5VpWkDnBTl61vg==
C:\Users\AnthonyGibbons\OneDrive - Peroptyx\Documents\GitHub\Personal_Projects\bird_detection_audio\birds,Redwing,xc599920.wav,3.34483,,,,,,,,,,,,,,,,,,,1,,,,,,rJAbAO+pa0cSeDajv51Nwg==
C:\Users\AnthonyGibbons\OneDrive - Peroptyx\Documents\GitHub\Personal_Projects\bird_detection_audio\birds,Redwing,xc600227.wav,3.704172,,,,,,,,,,,,,,,,,,,1,,,,,,yoR6iIvxd1a4WccnCN0fqg==
C:\Users\AnthonyGibbons\OneDrive - Peroptyx\Documents\GitHub\Personal_Projects\bird_detection_audio\birds,Redwing,xc600476.wav,6.138775,,,,,,,,,,,,,,,,,,,1,,,,,,usZUloR9cydRIElOz8/YgA==
C:\Users\AnthonyGibbons\OneDrive - Peroptyx\Documents\GitHub\Personal_Projects\bird_detection_audio\birds,European Nightjar,xc197152.wav,108.434288,,,,,,,,,,,,,,,,,,,1,,,,,,b6S1YodV+1DeHgEg4vbMVQ==
C:\Users\AnthonyGibbons\OneDrive - Peroptyx\Documents\GitHub\Personal_Projects\bird_detection_audio\birds,Eurasian Oystercatcher,xc143611.wav,93.096001,,,,,,,,,,,,,,,,,,,1,,,,,,wzAnCUun09Qx24cglLxWXA==
C:\Users\AnthonyGibbons\OneDrive - Peroptyx\Documents\GitHub\Personal_Projects\bird_detection_audio\birds,Marsh Tit,xc363842.wav,26.192427,,,,,,,,,,,,,,,,,,,1,,,,,,liXOUpQSBIj2bxvI8gZAgQ==
C:\Users\AnthonyGibbons\OneDrive - Peroptyx\Documents\GitHub\Personal_Projects\bird_detection_audio\birds,Eurasian Oystercatcher,xc144971.wav,14.380771,,,,,,,,,,,,,,,,,,,1,,,,,,4VSQPc60bhbftnU9EOgpdg==
C:\Users\AnthonyGibbons\OneDrive - Peroptyx\Documents\GitHub\Personal_Projects\bird_detection_audio\birds,Redwing,xc600484.wav,15.51093,,,,,,,,,,,,,,,,,,,1,,,,,,v0djogH8f5N7UhiKkVggFw==
C:\Users\AnthonyGibbons\OneDrive - Peroptyx\Documents\GitHub\Personal_Projects\bird_detection_audio\birds,Redwing,xc600589.wav,14.245986,,,,,,,,,,,,,,,,,,,1,,,,,,5OPDkD5J7O5qFYJqU5g/5w==
C:\Users\AnthonyGibbons\OneDrive - Peroptyx\Documents\GitHub\Personal_Projects\bird_detection_audio\birds,Redwing,xc600822.wav,3.911088,,,,,,,,,,,,,,,,,,,1,,,,,,5oC5VtHwP1cz2Za6YT7L9g==
C:\Users\AnthonyGibbons\OneDrive - Peroptyx\Documents\GitHub\Personal_Projects\bird_detection_audio\birds,Redwing,xc600925.wav,3.847551,,,,,,,,,,,,,,,,,,,1,,,,,,knWNRBK8lk5BfDIvlhgzlQ==
C:\Users\AnthonyGibbons\OneDrive - Peroptyx\Documents\GitHub\Personal_Projects\bird_detection_audio\birds,Eurasian Oystercatcher,xc145153.wav,32.339592,,,,,,,,,,,,,,,,,,,1,,,,,,RL/7Z7DEPWvIL4VYw5kwBA==
C:\Users\AnthonyGibbons\OneDrive - Peroptyx\Documents\GitHub\Personal_Projects\bird_detection_audio\birds,Redwing,xc600969.wav,3.02839,,,,,,,,,,,,,,,,,,,1,,,,,,LDucOFtvSex1VF4FLhg4Bg==
C:\Users\AnthonyGibbons\OneDrive - Peroptyx\Documents\GitHub\Personal_Projects\bird_detection_audio\birds,Redwing,xc600971.wav,3.449365,,,,,,,,,,,,,,,,,,,1,,,,,,+Vdh5WW0uG549XB4HgRBWQ==
C:\Users\AnthonyGibbons\OneDrive - Peroptyx\Documents\GitHub\Personal_Projects\bird_detection_audio\birds,Marsh Tit,xc383668.wav,25.742563,,,,,,,,,,,,,,,,,,,1,,,,,,wopUOHG+oryjrzEXJqSnmQ==
C:\Users\AnthonyGibbons\OneDrive - Peroptyx\Documents\GitHub\Personal_Projects\bird_detection_audio\birds,Common Moorhen,xc487693.wav,78.655914,,,,,,,,,,,,,,,,,,,1,,,,,,SqElLPU1wnc6GFh8wuXYRg==
C:\Users\AnthonyGibbons\OneDrive - Peroptyx\Documents\GitHub\Personal_Projects\bird_detection_audio\birds,Redwing,xc601008.wav,4.466939,,,,,,,,,,,,,,,,,,,1,,,,,,CCsaJLiPIX0RSJcjCPgfeA==
C:\Users\AnthonyGibbons\OneDrive - Peroptyx\Documents\GitHub\Personal_Projects\bird_detection_audio\birds,Redwing,xc601163.wav,2.433764,,,,,,,,,,,,,,,,,,,1,,,,,,reYxw2u6Qt4SMnWnt0lHqg==
C:\Users\AnthonyGibbons\OneDrive - Peroptyx\Documents\GitHub\Personal_Projects\bird_detection_audio\birds,Common Moorhen,xc497473.wav,4.776,,,,,,,,,,,,,,,,,,,1,,,,,,TEywTt1bBU838GxzR/ZXmg==
C:\Users\AnthonyGibbons\OneDrive - Peroptyx\Documents\GitHub\Personal_Projects\bird_detection_audio\birds,Eurasian Oystercatcher,xc150270.wav,11.81,,,,,,,,,,,,,,,,,,,1,,,,,,kuY7+2icd0TNTX2Pwq2duw==
C:\Users\AnthonyGibbons\OneDrive - Peroptyx\Documents\GitHub\Personal_Projects\bird_detection_audio\birds,Marsh Tit,xc385416.wav,29.680658,,,,,,,,,,,,,,,,,,,1,,,,,,SqfkNmJ0/qMbjw+uiEF6dw==
C:\Users\AnthonyGibbons\OneDrive - Peroptyx\Documents\GitHub\Personal_Projects\bird_detection_audio\birds,Redwing,xc546728.wav,87.144493,,,,,,,,,,,,,,,,,,,1,,,,,,V7mWBLe5beL1T8f4kwiFkA==
C:\Users\AnthonyGibbons\OneDrive - Peroptyx\Documents\GitHub\Personal_Projects\bird_detection_audio\birds,Redwing,xc601166.wav,14.407982,,,,,,,,,,,,,,,,,,,1,,,,,,qZu1Zgxb67tekmJWOklXeQ==
C:\Users\AnthonyGibbons\OneDrive - Peroptyx\Documents\GitHub\Personal_Projects\bird_detection_audio\birds,Redwing,xc601364.wav,4.448413,,,,,,,,,,,,,,,,,,,1,,,,,,XvmUD0y0lv5sMZiVMeFjRg==
C:\Users\AnthonyGibbons\OneDrive - Peroptyx\Documents\GitHub\Personal_Projects\bird_detection_audio\birds,European Nightjar,xc347570.wav,138.605713,,,,,,,,,,,,,,,,,,,1,,,,,,iIirOhpO5/jvGIhM99oIYA==
C:\Users\AnthonyGibbons\OneDrive - Peroptyx\Documents\GitHub\Personal_Projects\bird_detection_audio\birds,Redwing,xc601459.wav,6.222018,,,,,,,,,,,,,,,,,,,1,,,,,,uGS0rMTqsccDGpG9djgTzQ==
C:\Users\AnthonyGibbons\OneDrive - Peroptyx\Documents\GitHub\Personal_Projects\bird_detection_audio\birds,Common Moorhen,xc500259.wav,23.404263,,,,,,,,,,,,,,,,,,,1,,,,,,WRPXT/rSOe6KQ3U3gs7neA==
C:\Users\AnthonyGibbons\OneDrive - Peroptyx\Documents\GitHub\Personal_Projects\bird_detection_audio\birds,Common Moorhen,xc510580.wav,4.129501,,,,,,,,,,,,,,,,,,,1,,,,,,zOwKVZXp67mH+BbE71b1gQ==
C:\Users\AnthonyGibbons\OneDrive - Peroptyx\Documents\GitHub\Personal_Projects\bird_detection_audio\birds,Redwing,xc601635.wav,3.796463,,,,,,,,,,,,,,,,,,,1,,,,,,tXXQi53iYi4YwUufQ1dcbA==
C:\Users\AnthonyGibbons\OneDrive - Peroptyx\Documents\GitHub\Personal_Projects\bird_detection_audio\birds,European Nightjar,xc197153.wav,108.434288,,,,,,,,,,,,,,,,,,,1,,,,,,H56+zI8y+hUzKJpFUT/fjg==
C:\Users\AnthonyGibbons\OneDrive - Peroptyx\Documents\GitHub\Personal_Projects\bird_detection_audio\birds,Redwing,xc601763.wav,4.022857,,,,,,,,,,,,,,,,,,,1,,,,,,YYe1pH9KfBrOoFA4/ldebQ==
C:\Users\AnthonyGibbons\OneDrive - Peroptyx\Documents\GitHub\Personal_Projects\bird_detection_audio\birds,Common Moorhen,xc510589.wav,26.646687,,,,,,,,,,,,,,,,,,,1,,,,,,RGAbJKjb0MAGYYXIYvtCiw==
C:\Users\AnthonyGibbons\OneDrive - Peroptyx\Documents\GitHub\Personal_Projects\bird_detection_audio\birds,Redwing,xc601929.wav,4.891292,,,,,,,,,,,,,,,,,,,1,,,,,,tEWtIZdCxwQyD8RxJzO81A==
C:\Users\AnthonyGibbons\OneDrive - Peroptyx\Documents\GitHub\Personal_Projects\bird_detection_audio\birds,Redwing,xc602427.wav,5.000998,,,,,,,,,,,,,,,,,,,1,,,,,,XIKrfvCvgQblQoiLyXuDFA==
C:\Users\AnthonyGibbons\OneDrive - Peroptyx\Documents\GitHub\Personal_Projects\bird_detection_audio\birds,Redwing,xc602674.wav,16.430998,,,,,,,,,,,,,,,,,,,1,,,,,,b9mCfNhUw+arfjRZvRYN5Q==
C:\Users\AnthonyGibbons\OneDrive - Peroptyx\Documents\GitHub\Personal_Projects\bird_detection_audio\birds,Marsh Tit,xc473644.wav,157.257141,,,,,,,,,,,,,,,,,,,1,,,,,,oqjUFDuS6Ifxq5sXs6vdGw==
C:\Users\AnthonyGibbons\OneDrive - Peroptyx\Documents\GitHub\Personal_Projects\bird_detection_audio\birds,Marsh Tit,xc393002.wav,85.512001,,,,,,,,,,,,,,,,,,,1,,,,,,mPTj67KIiH31ev2c2boAzQ==
C:\Users\AnthonyGibbons\OneDrive - Peroptyx\Documents\GitHub\Personal_Projects\bird_detection_audio\birds,Eurasian Oystercatcher,xc324535.wav,159.739838,,,,,,,,,,,,,,,,,,,1,,,,,,WuL/vT2uKVgoODTN6L2UwA==
C:\Users\AnthonyGibbons\OneDrive - Peroptyx\Documents\GitHub\Personal_Projects\bird_detection_audio\birds,Redwing,xc602680.wav,50.605759,,,,,,,,,,,,,,,,,,,1,,,,,,2Ys133jTBUqx8+ujhtotWQ==
C:\Users\AnthonyGibbons\OneDrive - Peroptyx\Documents\GitHub\Personal_Projects\bird_detection_audio\birds,Eurasian Oystercatcher,xc330113.wav,6.452245,,,,,,,,,,,,,,,,,,,1,,,,,,7k6Wi+5wIqFLvx1tx+FqgQ==
C:\Users\AnthonyGibbons\OneDrive - Peroptyx\Documents\GitHub\Personal_Projects\bird_detection_audio\birds,Redwing,xc602813.wav,1.962109,,,,,,,,,,,,,,,,,,,1,,,,,,u+5sC8wmG07ysreKjmwM7A==
C:\Users\AnthonyGibbons\OneDrive - Peroptyx\Documents\GitHub\Personal_Projects\bird_detection_audio\birds,Redwing,xc602977.wav,5.311814,,,,,,,,,,,,,,,,,,,1,,,,,,8ABtPDxtWaP9+T1HfhR3JQ==
C:\Users\AnthonyGibbons\OneDrive - Peroptyx\Documents\GitHub\Personal_Projects\bird_detection_audio\birds,Common Moorhen,xc513455.wav,95.455917,,,,,,,,,,,,,,,,,,,1,,,,,,zRteS+1qkciKWuuRAXCTAg==
C:\Users\AnthonyGibbons\OneDrive - Peroptyx\Documents\GitHub\Personal_Projects\bird_detection_audio\birds,Eurasian Oystercatcher,xc330114.wav,18.02449,,,,,,,,,,,,,,,,,,,1,,,,,,CBUxbPqroViH+wespZY08w==
C:\Users\AnthonyGibbons\OneDrive - Peroptyx\Documents\GitHub\Personal_Projects\bird_detection_audio\birds,Redwing,xc603460.wav,2.617574,,,,,,,,,,,,,,,,,,,1,,,,,,YG7/Nwclfo1i8deLFVJmTQ==
C:\Users\AnthonyGibbons\OneDrive - Peroptyx\Documents\GitHub\Personal_Projects\bird_detection_audio\birds,Redwing,xc603597.wav,1.632938,,,,,,,,,,,,,,,,,,,1,,,,,,apYUE9MDe1JVBLDL+aSHrg==
C:\Users\AnthonyGibbons\OneDrive - Peroptyx\Documents\GitHub\Personal_Projects\bird_detection_audio\birds,Eurasian Oystercatcher,xc341746.wav,6.965063,,,,,,,,,,,,,,,,,,,1,,,,,,W7bBnDfOcPUg7P5j9ulqKg==
C:\Users\AnthonyGibbons\OneDrive - Peroptyx\Documents\GitHub\Personal_Projects\bird_detection_audio\birds,Eurasian Oystercatcher,xc150271.wav,126.197548,,,,,,,,,,,,,,,,,,,1,,,,,,nqi2MXqrkKfaJA6FvS2ncQ==
C:\Users\AnthonyGibbons\OneDrive - Peroptyx\Documents\GitHub\Personal_Projects\bird_detection_audio\birds,Marsh Tit,xc400300.wav,42.083267,,,,,,,,,,,,,,,,,,,1,,,,,,GAmeSpnlyG4rnJIi9xmFQg==
C:\Users\AnthonyGibbons\OneDrive - Peroptyx\Documents\GitHub\Personal_Projects\bird_detection_audio\birds,Eurasian Oystercatcher,xc360212.wav,8.306939,,,,,,,,,,,,,,,,,,,1,,,,,,6Mpb54dX+z2yCvpcP18vJA==
C:\Users\AnthonyGibbons\OneDrive - Peroptyx\Documents\GitHub\Personal_Projects\bird_detection_audio\birds,Common Moorhen,xc519992.wav,60.473469,,,,,,,,,,,,,,,,,,,1,,,,,,fkAzmYCFM21P18eO+kBVYw==
C:\Users\AnthonyGibbons\OneDrive - Peroptyx\Documents\GitHub\Personal_Projects\bird_detection_audio\birds,Eurasian Oystercatcher,xc360214.wav,22.700409,,,,,,,,,,,,,,,,,,,1,,,,,,7GWTjdvIMCyF/cP1eH4noQ==
C:\Users\AnthonyGibbons\OneDrive - Peroptyx\Documents\GitHub\Personal_Projects\bird_detection_audio\birds,Eurasian Oystercatcher,xc364359.wav,13.953333,,,,,,,,,,,,,,,,,,,1,,,,,,Tl8DRt1BvHCTBJ2tcQ4HWw==
C:\Users\AnthonyGibbons\OneDrive - Peroptyx\Documents\GitHub\Personal_Projects\bird_detection_audio\birds,Marsh Tit,xc402266.wav,22.073469,,,,,,,,,,,,,,,,,,,1,,,,,,qyUiPqXeEnSOg1a+3x/zzA==
C:\Users\AnthonyGibbons\OneDrive - Peroptyx\Documents\GitHub\Personal_Projects\bird_detection_audio\birds,European Nightjar,xc347571.wav,193.20163,,,,,,,,,,,,,,,,,,,1,,,,,,M7ldbCLwciBC3XXk6zvDOQ==
C:\Users\AnthonyGibbons\OneDrive - Peroptyx\Documents\GitHub\Personal_Projects\bird_detection_audio\birds,Redwing,xc604178.wav,55.032001,,,,,,,,,,,,,,,,,,,1,,,,,,08WR+8/Pe8Bat/6M3hSXGQ==
C:\Users\AnthonyGibbons\OneDrive - Peroptyx\Documents\GitHub\Personal_Projects\bird_detection_audio\birds,Marsh Tit,xc474515.wav,133.564087,,,,,,,,,,,,,,,,,,,1,,,,,,CVJSx0bOc0z9HgXi2Rk6fQ==
C:\Users\AnthonyGibbons\OneDrive - Peroptyx\Documents\GitHub\Personal_Projects\bird_detection_audio\birds,Redwing,xc604179.wav,23.544001,,,,,,,,,,,,,,,,,,,1,,,,,,F4DnR3vEW1afBhfm0+mXsA==
C:\Users\AnthonyGibbons\OneDrive - Peroptyx\Documents\GitHub\Personal_Projects\bird_detection_audio\birds,European Nightjar,xc197156.wav,210.128983,,,,,,,,,,,,,,,,,,,1,,,,,,3wkmYsfO/1IKG8VG4Oj8ww==
C:\Users\AnthonyGibbons\OneDrive - Peroptyx\Documents\GitHub\Personal_Projects\bird_detection_audio\birds,Marsh Tit,xc476977.wav,18.050611,,,,,,,,,,,,,,,,,,,1,,,,,,LQlxOxMV+dLhkiaWVr/R6A==
C:\Users\AnthonyGibbons\OneDrive - Peroptyx\Documents\GitHub\Personal_Projects\bird_detection_audio\birds,Eurasian Oystercatcher,xc366285.wav,48.722668,,,,,,,,,,,,,,,,,,,1,,,,,,He5dhdixmckgOM+6qxu6lA==
C:\Users\AnthonyGibbons\OneDrive - Peroptyx\Documents\GitHub\Personal_Projects\bird_detection_audio\birds,Redwing,xc604448.wav,4.788,,,,,,,,,,,,,,,,,,,1,,,,,,jl/oS6CiekjNXEbnnwibXg==
C:\Users\AnthonyGibbons\OneDrive - Peroptyx\Documents\GitHub\Personal_Projects\bird_detection_audio\birds,Redwing,xc605157.wav,2.456576,,,,,,,,,,,,,,,,,,,1,,,,,,2+7Ydp8ekK78vfSJZVuwkw==
C:\Users\AnthonyGibbons\OneDrive - Peroptyx\Documents\GitHub\Personal_Projects\bird_detection_audio\birds,Redwing,xc605230.wav,2.990023,,,,,,,,,,,,,,,,,,,1,,,,,,8f5txaUs1cggr/h2aWBQnQ==
C:\Users\AnthonyGibbons\OneDrive - Peroptyx\Documents\GitHub\Personal_Projects\bird_detection_audio\birds,Marsh Tit,xc477569.wav,17.338572,,,,,,,,,,,,,,,,,,,1,,,,,,8qcD0UaaCEdxqzGzfO8AhA==
C:\Users\AnthonyGibbons\OneDrive - Peroptyx\Documents\GitHub\Personal_Projects\bird_detection_audio\birds,Marsh Tit,xc403031.wav,74.946373,,,,,,,,,,,,,,,,,,,1,,,,,,HkYHij4ECZCYqqpaTmGcXA==
C:\Users\AnthonyGibbons\OneDrive - Peroptyx\Documents\GitHub\Personal_Projects\bird_detection_audio\birds,Redwing,xc605248.wav,4.046894,,,,,,,,,,,,,,,,,,,1,,,,,,s3q1LZb7ok035a9UmgIwDw==
C:\Users\AnthonyGibbons\OneDrive - Peroptyx\Documents\GitHub\Personal_Projects\bird_detection_audio\birds,European Nightjar,xc197571.wav,60.059547,,,,,,,,,,,,,,,,,,,1,,,,,,VF9Tu2SIs/gxOKqhWJPCeQ==
C:\Users\AnthonyGibbons\OneDrive - Peroptyx\Documents\GitHub\Personal_Projects\bird_detection_audio\birds,Eurasian Oystercatcher,xc367545.wav,38.766979,,,,,,,,,,,,,,,,,,,1,,,,,,twdSzjfsPCy432FGFJvG6Q==
C:\Users\AnthonyGibbons\OneDrive - Peroptyx\Documents\GitHub\Personal_Projects\bird_detection_audio\birds,Marsh Tit,xc403032.wav,31.374126,,,,,,,,,,,,,,,,,,,1,,,,,,CB2fszBEnTY5hEuw/Khiqw==
C:\Users\AnthonyGibbons\OneDrive - Peroptyx\Documents\GitHub\Personal_Projects\bird_detection_audio\birds,Marsh Tit,xc478196.wav,74.625252,,,,,,,,,,,,,,,,,,,1,,,,,,501ybyIwmE/yjjZD8g/GRw==
C:\Users\AnthonyGibbons\OneDrive - Peroptyx\Documents\GitHub\Personal_Projects\bird_detection_audio\birds,Marsh Tit,xc403802.wav,24.208549,,,,,,,,,,,,,,,,,,,1,,,,,,hd08uq+sNczsh6B0FZzvbQ==
C:\Users\AnthonyGibbons\OneDrive - Peroptyx\Documents\GitHub\Personal_Projects\bird_detection_audio\birds,Eurasian Oystercatcher,xc370533.wav,41.090611,,,,,,,,,,,,,,,,,,,1,,,,,,zmi9FMNrUwJGPlOMp8bhZw==
C:\Users\AnthonyGibbons\OneDrive - Peroptyx\Documents\GitHub\Personal_Projects\bird_detection_audio\birds,European Nightjar,xc356171.wav,193.20163,,,,,,,,,,,,,,,,,,,1,,,,,,vQkjv7rhNAvzb9s7nUo14w==
C:\Users\AnthonyGibbons\OneDrive - Peroptyx\Documents\GitHub\Personal_Projects\bird_detection_audio\birds,Eurasian Oystercatcher,xc156441.wav,191.373062,,,,,,,,,,,,,,,,,,,1,,,,,,RADNoF3VlyTI8XAPejgbNA==
C:\Users\AnthonyGibbons\OneDrive - Peroptyx\Documents\GitHub\Personal_Projects\bird_detection_audio\birds,European Nightjar,xc356172.wav,18.416327,,,,,,,,,,,,,,,,,,,1,,,,,,CH6QB8qlK/kZGk6QVEnPGw==
C:\Users\AnthonyGibbons\OneDrive - Peroptyx\Documents\GitHub\Personal_Projects\bird_detection_audio\birds,Marsh Tit,xc405072.wav,48.743999,,,,,,,,,,,,,,,,,,,1,,,,,,je9W6MIg46N2adrl1fcQkg==
C:\Users\AnthonyGibbons\OneDrive - Peroptyx\Documents\GitHub\Personal_Projects\bird_detection_audio\birds,European Nightjar,xc359355.wav,32.712002,,,,,,,,,,,,,,,,,,,1,,,,,,bKXuYMeenBbNNN2CXHv48A==
C:\Users\AnthonyGibbons\OneDrive - Peroptyx\Documents\GitHub\Personal_Projects\bird_detection_audio\birds,Marsh Tit,xc487352.wav,57.547756,,,,,,,,,,,,,,,,,,,1,,,,,,oNhQiVjSYjbI7t+JOREwNw==
C:\Users\AnthonyGibbons\OneDrive - Peroptyx\Documents\GitHub\Personal_Projects\bird_detection_audio\birds,Eurasian Oystercatcher,xc372008.wav,46.497959,,,,,,,,,,,,,,,,,,,1,,,,,,4VLF5YLznHANbK1uRxnK4g==
C:\Users\AnthonyGibbons\OneDrive - Peroptyx\Documents\GitHub\Personal_Projects\bird_detection_audio\birds,European Nightjar,xc197572.wav,110.328819,,,,,,,,,,,,,,,,,,,1,,,,,,LJpFoi0/qE+tAOATm9t3Pg==
C:\Users\AnthonyGibbons\OneDrive - Peroptyx\Documents\GitHub\Personal_Projects\bird_detection_audio\birds,Marsh Tit,xc405977.wav,44.04245,,,,,,,,,,,,,,,,,,,1,,,,,,6dcLlvZTKQ5nXsmCJboDHQ==
C:\Users\AnthonyGibbons\OneDrive - Peroptyx\Documents\GitHub\Personal_Projects\bird_detection_audio\birds,European Nightjar,xc197573.wav,7.442721,,,,,,,,,,,,,,,,,,,1,,,,,,uSAsEk2mABfpi7FB4bQZsg==
C:\Users\AnthonyGibbons\OneDrive - Peroptyx\Documents\GitHub\Personal_Projects\bird_detection_audio\birds,Marsh Tit,xc490079.wav,27.620125,,,,,,,,,,,,,,,,,,,1,,,,,,P9Gib76Ns+kv7WoUGYWC4A==
C:\Users\AnthonyGibbons\OneDrive - Peroptyx\Documents\GitHub\Personal_Projects\bird_detection_audio\birds,Marsh Tit,xc509500.wav,7.915215,,,,,,,,,,,,,,,,,,,1,,,,,,bTT3Sn2Bnyy4x78VZNKbiw==
C:\Users\AnthonyGibbons\OneDrive - Peroptyx\Documents\GitHub\Personal_Projects\bird_detection_audio\birds,European Nightjar,xc197583.wav,11.836077,,,,,,,,,,,,,,,,,,,1,,,,,,T8RTUcr+8WwmCaXnzXCGlw==
C:\Users\AnthonyGibbons\OneDrive - Peroptyx\Documents\GitHub\Personal_Projects\bird_detection_audio\birds,European Nightjar,xc198415.wav,26.553402,,,,,,,,,,,,,,,,,,,1,,,,,,hQIRBQek1YsDSFuZhSjI3A==
C:\Users\AnthonyGibbons\OneDrive - Peroptyx\Documents\GitHub\Personal_Projects\bird_detection_audio\birds,Marsh Tit,xc513542.wav,18.279249,,,,,,,,,,,,,,,,,,,1,,,,,,njGX3t8GtKrnwIpevfKaAg==
C:\Users\AnthonyGibbons\OneDrive - Peroptyx\Documents\GitHub\Personal_Projects\bird_detection_audio\birds,Marsh Tit,xc405987.wav,33.69796,,,,,,,,,,,,,,,,,,,1,,,,,,NmuknueWzddhXU/IdOmbIA==
C:\Users\AnthonyGibbons\OneDrive - Peroptyx\Documents\GitHub\Personal_Projects\bird_detection_audio\birds,Marsh Tit,xc405989.wav,28.081633,,,,,,,,,,,,,,,,,,,1,,,,,,ClT0Bq+8Wbq9fsGo2ngXNA==
C:\Users\AnthonyGibbons\OneDrive - Peroptyx\Documents\GitHub\Personal_Projects\bird_detection_audio\birds,European Nightjar,xc371059.wav,112.52578,,,,,,,,,,,,,,,,,,,1,,,,,,BG5GHnDb1Qlwe7FV7Nb5dA==
C:\Users\AnthonyGibbons\OneDrive - Peroptyx\Documents\GitHub\Personal_Projects\bird_detection_audio\birds,European Nightjar,xc211465.wav,56.325306,,,,,,,,,,,,,,,,,,,1,,,,,,qDMzOOsswoc54Kg1HlO6cw==
C:\Users\AnthonyGibbons\OneDrive - Peroptyx\Documents\GitHub\Personal_Projects\bird_detection_audio\birds,Marsh Tit,xc513929.wav,53.883064,,,,,,,,,,,,,,,,,,,1,,,,,,L/65hS1C3KhPS21LgJApPA==
C:\Users\AnthonyGibbons\OneDrive - Peroptyx\Documents\GitHub\Personal_Projects\bird_detection_audio\birds,European Nightjar,xc372776.wav,15.006735,,,,,,,,,,,,,,,,,,,1,,,,,,hgt18kJ0OcEIz9QwhWL7pQ==
C:\Users\AnthonyGibbons\OneDrive - Peroptyx\Documents\GitHub\Personal_Projects\bird_detection_audio\birds,Eurasian Oystercatcher,xc372046.wav,138.004898,,,,,,,,,,,,,,,,,,,1,,,,,,n6s4cM5E1un7wiXFJyaxeg==
C:\Users\AnthonyGibbons\OneDrive - Peroptyx\Documents\GitHub\Personal_Projects\bird_detection_audio\birds,Marsh Tit,xc406293.wav,37.439999,,,,,,,,,,,,,,,,,,,1,,,,,,Ncp0S3ct4oKaYA7Slm4t/A==
C:\Users\AnthonyGibbons\OneDrive - Peroptyx\Documents\GitHub\Personal_Projects\bird_detection_audio\birds,European Nightjar,xc213958.wav,20.563219,,,,,,,,,,,,,,,,,,,1,,,,,,NhAgfwjkDIA0JtF6B6hqUw==
C:\Users\AnthonyGibbons\OneDrive - Peroptyx\Documents\GitHub\Personal_Projects\bird_detection_audio\birds,European Nightjar,xc374199.wav,90.969978,,,,,,,,,,,,,,,,,,,1,,,,,,p5Ww/GPsb0OnPJpHfRZAGg==
C:\Users\AnthonyGibbons\OneDrive - Peroptyx\Documents\GitHub\Personal_Projects\bird_detection_audio\birds,European Nightjar,xc214075.wav,9.848164,,,,,,,,,,,,,,,,,,,1,,,,,,mVyk66BI0l5E4QvEgM/Iag==
C:\Users\AnthonyGibbons\OneDrive - Peroptyx\Documents\GitHub\Personal_Projects\bird_detection_audio\birds,European Nightjar,xc376887.wav,8.650816,,,,,,,,,,,,,,,,,,,1,,,,,,uaZquHbjxoPbpBVnoTxcnw==
C:\Users\AnthonyGibbons\OneDrive - Peroptyx\Documents\GitHub\Personal_Projects\bird_detection_audio\birds,Marsh Tit,xc406295.wav,19.272959,,,,,,,,,,,,,,,,,,,1,,,,,,2PVvHolnT/WC9CB5/xByAQ==
C:\Users\AnthonyGibbons\OneDrive - Peroptyx\Documents\GitHub\Personal_Projects\bird_detection_audio\birds,European Nightjar,xc376889.wav,21.929342,,,,,,,,,,,,,,,,,,,1,,,,,,0TxfM3EbWo7/s8RoGYqTMQ==
C:\Users\AnthonyGibbons\OneDrive - Peroptyx\Documents\GitHub\Personal_Projects\bird_detection_audio\birds,European Nightjar,xc376891.wav,20.122223,,,,,,,,,,,,,,,,,,,1,,,,,,bH76/f9aP3/UZirQMujUqA==
C:\Users\AnthonyGibbons\OneDrive - Peroptyx\Documents\GitHub\Personal_Projects\bird_detection_audio\birds,European Nightjar,xc376892.wav,2.402064,,,,,,,,,,,,,,,,,,,1,,,,,,+zIu3Xw2O0BhzFp5O9CJPA==
C:\Users\AnthonyGibbons\OneDrive - Peroptyx\Documents\GitHub\Personal_Projects\bird_detection_audio\birds,Marsh Tit,xc406296.wav,17.351999,,,,,,,,,,,,,,,,,,,1,,,,,,mS2ueFeJoNc8QHTcVSLbTw==
C:\Users\AnthonyGibbons\OneDrive - Peroptyx\Documents\GitHub\Personal_Projects\bird_detection_audio\birds,Eurasian Oystercatcher,xc169998.wav,163.944489,,,,,,,,,,,,,,,,,,,1,,,,,,x1A4crNYFoQFQ6upn44UcQ==
C:\Users\AnthonyGibbons\OneDrive - Peroptyx\Documents\GitHub\Personal_Projects\bird_detection_audio\birds,European Nightjar,xc376893.wav,25.706532,,,,,,,,,,,,,,,,,,,1,,,,,,TZ42aNASsEiqtznhZ/e2/Q==
C:\Users\AnthonyGibbons\OneDrive - Peroptyx\Documents\GitHub\Personal_Projects\bird_detection_audio\birds,European Nightjar,xc245715.wav,134.368896,,,,,,,,,,,,,,,,,,,1,,,,,,z71nqj87m0bpmja8LzpAPA==
C:\Users\AnthonyGibbons\OneDrive - Peroptyx\Documents\GitHub\Personal_Projects\bird_detection_audio\birds,European Nightjar,xc247889.wav,1.584,,,,,,,,,,,,,,,,,,,1,,,,,,cs+InVJ9bir2uvyhQ/E8CA==
C:\Users\AnthonyGibbons\OneDrive - Peroptyx\Documents\GitHub\Personal_Projects\bird_detection_audio\birds,Marsh Tit,xc519698.wav,87.850861,,,,,,,,,,,,,,,,,,,1,,,,,,BeYhtsC4h/ugVF6a7i5S8w==
C:\Users\AnthonyGibbons\OneDrive - Peroptyx\Documents\GitHub\Personal_Projects\bird_detection_audio\birds,Marsh Tit,xc406297.wav,34.57552,,,,,,,,,,,,,,,,,,,1,,,,,,zWPo1PWsf1e9WIes3Bgc5w==
C:\Users\AnthonyGibbons\OneDrive - Peroptyx\Documents\GitHub\Personal_Projects\bird_detection_audio\birds,Eurasian Oystercatcher,xc372048.wav,73.639183,,,,,,,,,,,,,,,,,,,1,,,,,,kQcWb2fHNUD17wQgQ5VAdw==
C:\Users\AnthonyGibbons\OneDrive - Peroptyx\Documents\GitHub\Personal_Projects\bird_detection_audio\birds,European Nightjar,xc377100.wav,24.874491,,,,,,,,,,,,,,,,,,,1,,,,,,y0kAnCNOULRzEHzlfKopfA==
C:\Users\AnthonyGibbons\OneDrive - Peroptyx\Documents\GitHub\Personal_Projects\bird_detection_audio\birds,Marsh Tit,xc406298.wav,13.296,,,,,,,,,,,,,,,,,,,1,,,,,,AtMAIg8mJqe6mlOUibImIw==
C:\Users\AnthonyGibbons\OneDrive - Peroptyx\Documents\GitHub\Personal_Projects\bird_detection_audio\birds,Eurasian Oystercatcher,xc372049.wav,18.285715,,,,,,,,,,,,,,,,,,,1,,,,,,R82LgttfaRIc8NokNL8a9w==
C:\Users\AnthonyGibbons\OneDrive - Peroptyx\Documents\GitHub\Personal_Projects\bird_detection_audio\birds,Eurasian Oystercatcher,xc372050.wav,10.266123,,,,,,,,,,,,,,,,,,,1,,,,,,o18clcHJ4rYsCQubWzATBw==
C:\Users\AnthonyGibbons\OneDrive - Peroptyx\Documents\GitHub\Personal_Projects\bird_detection_audio\birds,European Nightjar,xc247890.wav,105.167999,,,,,,,,,,,,,,,,,,,1,,,,,,upqmCscD0MfzgOIIH/Jx9g==
C:\Users\AnthonyGibbons\OneDrive - Peroptyx\Documents\GitHub\Personal_Projects\bird_detection_audio\birds,Marsh Tit,xc519722.wav,42.537983,,,,,,,,,,,,,,,,,,,1,,,,,,ecg8b2zvRIyXtVfVL+6ycg==
C:\Users\AnthonyGibbons\OneDrive - Peroptyx\Documents\GitHub\Personal_Projects\bird_detection_audio\birds,European Nightjar,xc380452.wav,31.584,,,,,,,,,,,,,,,,,,,1,,,,,,BvxNeostNopxx52QV5NSpQ==
C:\Users\AnthonyGibbons\OneDrive - Peroptyx\Documents\GitHub\Personal_Projects\bird_detection_audio\birds,European Nightjar,xc252238.wav,22.23127,,,,,,,,,,,,,,,,,,,1,,,,,,km2RT15/xY+nVejayuMBnw==
C:\Users\AnthonyGibbons\OneDrive - Peroptyx\Documents\GitHub\Personal_Projects\bird_detection_audio\birds,European Nightjar,xc394974.wav,12.773877,,,,,,,,,,,,,,,,,,,1,,,,,,9ioOG3209dq0wpEM5/y/1w==
C:\Users\AnthonyGibbons\OneDrive - Peroptyx\Documents\GitHub\Personal_Projects\bird_detection_audio\birds,European Nightjar,xc399838.wav,7.235919,,,,,,,,,,,,,,,,,,,1,,,,,,2sVPAbnVE19X5iIiGUt66Q==
C:\Users\AnthonyGibbons\OneDrive - Peroptyx\Documents\GitHub\Personal_Projects\bird_detection_audio\birds,Marsh Tit,xc406345.wav,45.695251,,,,,,,,,,,,,,,,,,,1,,,,,,aCkt/ojyPE4QM0lwgapsAA==
C:\Users\AnthonyGibbons\OneDrive - Peroptyx\Documents\GitHub\Personal_Projects\bird_detection_audio\birds,Eurasian Oystercatcher,xc170023.wav,95.346939,,,,,,,,,,,,,,,,,,,1,,,,,,zsM15z9/wnm4b4I+1XgY3A==
C:\Users\AnthonyGibbons\OneDrive - Peroptyx\Documents\GitHub\Personal_Projects\bird_detection_audio\birds,Marsh Tit,xc520086.wav,47.924988,,,,,,,,,,,,,,,,,,,1,,,,,,TKDPjSwNEq2R084nXblBYw==
C:\Users\AnthonyGibbons\OneDrive - Peroptyx\Documents\GitHub\Personal_Projects\bird_detection_audio\birds,European Nightjar,xc256407.wav,42.032085,,,,,,,,,,,,,,,,,,,1,,,,,,h1pXqAg2qwfbO9+9fgE2RA==
C:\Users\AnthonyGibbons\OneDrive - Peroptyx\Documents\GitHub\Personal_Projects\bird_detection_audio\birds,Marsh Tit,xc406347.wav,59.823231,,,,,,,,,,,,,,,,,,,1,,,,,,WNwmB/Bv7U8NewOj1LDLQA==
C:\Users\AnthonyGibbons\OneDrive - Peroptyx\Documents\GitHub\Personal_Projects\bird_detection_audio\birds,Marsh Tit,xc520705.wav,27.770998,,,,,,,,,,,,,,,,,,,1,,,,,,2V9+ejhDygKU7nJxyIlutw==
C:\Users\AnthonyGibbons\OneDrive - Peroptyx\Documents\GitHub\Personal_Projects\bird_detection_audio\birds,Eurasian Oystercatcher,xc372052.wav,83.22612,,,,,,,,,,,,,,,,,,,1,,,,,,pKjsygwdNjUi9kNIQLJBGw==
C:\Users\AnthonyGibbons\OneDrive - Peroptyx\Documents\GitHub\Personal_Projects\bird_detection_audio\birds,European Nightjar,xc27039.wav,73.247124,,,,,,,,,,,,,,,,,,,1,,,,,,kcgykrCeJY7N0fHJVjRl9A==
C:\Users\AnthonyGibbons\OneDrive - Peroptyx\Documents\GitHub\Personal_Projects\bird_detection_audio\birds,Marsh Tit,xc522588.wav,3.680333,,,,,,,,,,,,,,,,,,,1,,,,,,Hj506UDkJ9ef+O2mk1QYtQ==
C:\Users\AnthonyGibbons\OneDrive - Peroptyx\Documents\GitHub\Personal_Projects\bird_detection_audio\birds,Eurasian Oystercatcher,xc373011.wav,13.400272,,,,,,,,,,,,,,,,,,,1,,,,,,55RYhYDMtx5CbKOlu5Sl6w==
C:\Users\AnthonyGibbons\OneDrive - Peroptyx\Documents\GitHub\Personal_Projects\bird_detection_audio\birds,Eurasian Oystercatcher,xc376353.wav,5.860272,,,,,,,,,,,,,,,,,,,1,,,,,,I027wjlGjjxrHCAQ7+Dvow==
C:\Users\AnthonyGibbons\OneDrive - Peroptyx\Documents\GitHub\Personal_Projects\bird_detection_audio\birds,Marsh Tit,xc410033.wav,23.196735,,,,,,,,,,,,,,,,,,,1,,,,,,kyjWt5ld8YoM9YHjugmjtw==
C:\Users\AnthonyGibbons\OneDrive - Peroptyx\Documents\GitHub\Personal_Projects\bird_detection_audio\birds,European Nightjar,xc406064.wav,64.57576,,,,,,,,,,,,,,,,,,,1,,,,,,RIKiaiI/+HDfSHjwZWZGPw==
C:\Users\AnthonyGibbons\OneDrive - Peroptyx\Documents\GitHub\Personal_Projects\bird_detection_audio\birds,Eurasian Oystercatcher,xc376842.wav,31.896009,,,,,,,,,,,,,,,,,,,1,,,,,,y3bxmADE7T7r+grE2JMfTQ==
C:\Users\AnthonyGibbons\OneDrive - Peroptyx\Documents\GitHub\Personal_Projects\bird_detection_audio\birds,Eurasian Oystercatcher,xc377131.wav,8.549887,,,,,,,,,,,,,,,,,,,1,,,,,,MzB42cHZ25Wd2sd8bDS6cg==
C:\Users\AnthonyGibbons\OneDrive - Peroptyx\Documents\GitHub\Personal_Projects\bird_detection_audio\birds,European Nightjar,xc281255.wav,56.894695,,,,,,,,,,,,,,,,,,,1,,,,,,qmBE6gOSDaGzHu7/RY31Nw==
C:\Users\AnthonyGibbons\OneDrive - Peroptyx\Documents\GitHub\Personal_Projects\bird_detection_audio\birds,Marsh Tit,xc522589.wav,65.979706,,,,,,,,,,,,,,,,,,,1,,,,,,AGZ5V+iV0665E3rWpe5XjQ==
C:\Users\AnthonyGibbons\OneDrive - Peroptyx\Documents\GitHub\Personal_Projects\bird_detection_audio\birds,European Nightjar,xc415060.wav,42.474106,,,,,,,,,,,,,,,,,,,1,,,,,,4L5mrF432ug7NFZj0aVC4A==
C:\Users\AnthonyGibbons\OneDrive - Peroptyx\Documents\GitHub\Personal_Projects\bird_detection_audio\birds,Eurasian Oystercatcher,xc380441.wav,9.647891,,,,,,,,,,,,,,,,,,,1,,,,,,b5Es2KLnmn3DV6IZy+fIUw==
C:\Users\AnthonyGibbons\OneDrive - Peroptyx\Documents\GitHub\Personal_Projects\bird_detection_audio\birds,Marsh Tit,xc410058.wav,35,,,,,,,,,,,,,,,,,,,1,,,,,,xgDHfpyi7mTXfbcLe03IHQ==
C:\Users\AnthonyGibbons\OneDrive - Peroptyx\Documents\GitHub\Personal_Projects\bird_detection_audio\birds,European Nightjar,xc281258.wav,13.818775,,,,,,,,,,,,,,,,,,,1,,,,,,x7k5/0iA/7pXr/YS53zDgQ==
C:\Users\AnthonyGibbons\OneDrive - Peroptyx\Documents\GitHub\Personal_Projects\bird_detection_audio\birds,European Nightjar,xc420788.wav,22.569796,,,,,,,,,,,,,,,,,,,1,,,,,,HE1lQ8gr9BNHlNaJ7kl5xQ==
C:\Users\AnthonyGibbons\OneDrive - Peroptyx\Documents\GitHub\Personal_Projects\bird_detection_audio\birds,European Nightjar,xc421589.wav,19.12093,,,,,,,,,,,,,,,,,,,1,,,,,,HUsXF320Yy7R95VZxaZhnA==
C:\Users\AnthonyGibbons\OneDrive - Peroptyx\Documents\GitHub\Personal_Projects\bird_detection_audio\birds,European Nightjar,xc422080.wav,31.284916,,,,,,,,,,,,,,,,,,,1,,,,,,a5fQ5Y8Km6ojcjNRqV+lmw==
C:\Users\AnthonyGibbons\OneDrive - Peroptyx\Documents\GitHub\Personal_Projects\bird_detection_audio\birds,Eurasian Oystercatcher,xc391861.wav,81.269333,,,,,,,,,,,,,,,,,,,1,,,,,,koh1GpuxpwinOcaTrJLJaw==
C:\Users\AnthonyGibbons\OneDrive - Peroptyx\Documents\GitHub\Personal_Projects\bird_detection_audio\birds,Marsh Tit,xc410060.wav,48.5,,,,,,,,,,,,,,,,,,,1,,,,,,wZVg4aJe/156PWygjd3ubQ==
C:\Users\AnthonyGibbons\OneDrive - Peroptyx\Documents\GitHub\Personal_Projects\bird_detection_audio\birds,European Nightjar,xc424264.wav,33.488979,,,,,,,,,,,,,,,,,,,1,,,,,,sRo90N4l+C2esdvLvb2OMg==
C:\Users\AnthonyGibbons\OneDrive - Peroptyx\Documents\GitHub\Personal_Projects\bird_detection_audio\birds,Marsh Tit,xc522592.wav,104.765892,,,,,,,,,,,,,,,,,,,1,,,,,,hB72F/Sst7f0x5XJWEYiUg==
C:\Users\AnthonyGibbons\OneDrive - Peroptyx\Documents\GitHub\Personal_Projects\bird_detection_audio\birds,Eurasian Oystercatcher,xc176226.wav,151.200974,,,,,,,,,,,,,,,,,,,1,,,,,,2MXIqJRJ8ztGhXQUSccAuA==
C:\Users\AnthonyGibbons\OneDrive - Peroptyx\Documents\GitHub\Personal_Projects\bird_detection_audio\birds,Marsh Tit,xc522663.wav,10.743292,,,,,,,,,,,,,,,,,,,1,,,,,,I8fT6cSRX5X/GPwO9OWygg==
C:\Users\AnthonyGibbons\OneDrive - Peroptyx\Documents\GitHub\Personal_Projects\bird_detection_audio\birds,European Nightjar,xc287578.wav,105.000977,,,,,,,,,,,,,,,,,,,1,,,,,,/0wu0H8KNdE6G0mQDAI2FA==
C:\Users\AnthonyGibbons\OneDrive - Peroptyx\Documents\GitHub\Personal_Projects\bird_detection_audio\birds,European Nightjar,xc432296.wav,35.265644,,,,,,,,,,,,,,,,,,,1,,,,,,sOCkrN1iz42HB76Grwwzpw==
C:\Users\AnthonyGibbons\OneDrive - Peroptyx\Documents\GitHub\Personal_Projects\bird_detection_audio\birds,Marsh Tit,xc414044.wav,76.99855,,,,,,,,,,,,,,,,,,,1,,,,,,X7QPl3EaGG5BVt2g0eHvjw==
C:\Users\AnthonyGibbons\OneDrive - Peroptyx\Documents\GitHub\Personal_Projects\bird_detection_audio\birds,European Nightjar,xc288125.wav,25.440001,,,,,,,,,,,,,,,,,,,1,,,,,,zM9SfgyV4T2+8V+vmOgmGQ==
C:\Users\AnthonyGibbons\OneDrive - Peroptyx\Documents\GitHub\Personal_Projects\bird_detection_audio\birds,Eurasian Oystercatcher,xc176235.wav,55.560978,,,,,,,,,,,,,,,,,,,1,,,,,,fAxfP8pcwKY/c89/JoKyJA==
C:\Users\AnthonyGibbons\OneDrive - Peroptyx\Documents\GitHub\Personal_Projects\bird_detection_audio\birds,Marsh Tit,xc417564.wav,22.857143,,,,,,,,,,,,,,,,,,,1,,,,,,1w180aKnf/2YCanMEwV0FA==
C:\Users\AnthonyGibbons\OneDrive - Peroptyx\Documents\GitHub\Personal_Projects\bird_detection_audio\birds,Eurasian Oystercatcher,xc394957.wav,113.928001,,,,,,,,,,,,,,,,,,,1,,,,,,8n09ZNlsIRPHMxCio95xZA==
C:\Users\AnthonyGibbons\OneDrive - Peroptyx\Documents\GitHub\Personal_Projects\bird_detection_audio\birds,Eurasian Oystercatcher,xc183445.wav,16.691429,,,,,,,,,,,,,,,,,,,1,,,,,,UTb0PQu0jbGhofw3sPwb0g==
C:\Users\AnthonyGibbons\OneDrive - Peroptyx\Documents\GitHub\Personal_Projects\bird_detection_audio\birds,Marsh Tit,xc420320.wav,18.076735,,,,,,,,,,,,,,,,,,,1,,,,,,zN/0VvcO+QEg7RiuGXXp3w==
C:\Users\AnthonyGibbons\OneDrive - Peroptyx\Documents\GitHub\Personal_Projects\bird_detection_audio\birds,European Nightjar,xc289809.wav,42.694195,,,,,,,,,,,,,,,,,,,1,,,,,,he2sAq+yh/jCiutsHCtttA==
C:\Users\AnthonyGibbons\OneDrive - Peroptyx\Documents\GitHub\Personal_Projects\bird_detection_audio\birds,European Nightjar,xc432929.wav,94.819595,,,,,,,,,,,,,,,,,,,1,,,,,,ZaPYSDJPqKS40IxZJr1uNA==
C:\Users\AnthonyGibbons\OneDrive - Peroptyx\Documents\GitHub\Personal_Projects\bird_detection_audio\birds,Marsh Tit,xc522664.wav,118.941811,,,,,,,,,,,,,,,,,,,1,,,,,,bG+I3Ds9xxjrCyjhwksWZg==
C:\Users\AnthonyGibbons\OneDrive - Peroptyx\Documents\GitHub\Personal_Projects\bird_detection_audio\birds,Marsh Tit,xc523092.wav,20.631313,,,,,,,,,,,,,,,,,,,1,,,,,,fzZqJWqvVALMR892Jp6UAg==
C:\Users\AnthonyGibbons\OneDrive - Peroptyx\Documents\GitHub\Personal_Projects\bird_detection_audio\birds,Marsh Tit,xc525917.wav,7.957936,,,,,,,,,,,,,,,,,,,1,,,,,,W0Yu+zTsmLsaH7HZZKxSfw==
C:\Users\AnthonyGibbons\OneDrive - Peroptyx\Documents\GitHub\Personal_Projects\bird_detection_audio\birds,Marsh Tit,xc426038.wav,42.817596,,,,,,,,,,,,,,,,,,,1,,,,,,xEQjQIQiP7XXvimUP/f06g==
C:\Users\AnthonyGibbons\OneDrive - Peroptyx\Documents\GitHub\Personal_Projects\bird_detection_audio\birds,Redwing,xc546730.wav,638.223694,,,,,,,,,,,,,,,,,,,1,,,,,,fGWwytrlDO+ETAHhvR0EeA==
C:\Users\AnthonyGibbons\OneDrive - Peroptyx\Documents\GitHub\Personal_Projects\bird_detection_audio\birds,Marsh Tit,xc530626.wav,40.030979,,,,,,,,,,,,,,,,,,,1,,,,,,0HpKUCgDLivnyk3fdI5rAA==
C:\Users\AnthonyGibbons\OneDrive - Peroptyx\Documents\GitHub\Personal_Projects\bird_detection_audio\birds,Marsh Tit,xc429077.wav,37.313354,,,,,,,,,,,,,,,,,,,1,,,,,,nisNn3+x3vuIowL0NBQTqQ==
C:\Users\AnthonyGibbons\OneDrive - Peroptyx\Documents\GitHub\Personal_Projects\bird_detection_audio\birds,Marsh Tit,xc534291.wav,16.524,,,,,,,,,,,,,,,,,,,1,,,,,,Ip8Nl3qsiDAVZ6z0Khu3cA==
C:\Users\AnthonyGibbons\OneDrive - Peroptyx\Documents\GitHub\Personal_Projects\bird_detection_audio\birds,European Nightjar,xc448445.wav,122.044083,,,,,,,,,,,,,,,,,,,1,,,,,,3llQRAHeBRAcskPOFTPVDA==
C:\Users\AnthonyGibbons\OneDrive - Peroptyx\Documents\GitHub\Personal_Projects\bird_detection_audio\birds,Marsh Tit,xc429078.wav,29.442625,,,,,,,,,,,,,,,,,,,1,,,,,,mxBlpt/q5ffBaQp+MK17fQ==
C:\Users\AnthonyGibbons\OneDrive - Peroptyx\Documents\GitHub\Personal_Projects\bird_detection_audio\birds,Marsh Tit,xc429079.wav,11.842146,,,,,,,,,,,,,,,,,,,1,,,,,,APxzy6IBD0j5OfAqgAKgZA==
C:\Users\AnthonyGibbons\OneDrive - Peroptyx\Documents\GitHub\Personal_Projects\bird_detection_audio\birds,Marsh Tit,xc430031.wav,22.986584,,,,,,,,,,,,,,,,,,,1,,,,,,yJqtr2SCcTaVBHbGnS/MeQ==
C:\Users\AnthonyGibbons\OneDrive - Peroptyx\Documents\GitHub\Personal_Projects\bird_detection_audio\birds,Marsh Tit,xc438390.wav,14.471837,,,,,,,,,,,,,,,,,,,1,,,,,,m7L1GHaaAVZpalJcRkdPpQ==
C:\Users\AnthonyGibbons\OneDrive - Peroptyx\Documents\GitHub\Personal_Projects\bird_detection_audio\birds,Eurasian Oystercatcher,xc394958.wav,243.095993,,,,,,,,,,,,,,,,,,,1,,,,,,7WLEiQ9HMOTHNeZ40OZWrA==
C:\Users\AnthonyGibbons\OneDrive - Peroptyx\Documents\GitHub\Personal_Projects\bird_detection_audio\birds,Marsh Tit,xc439959.wav,61.703999,,,,,,,,,,,,,,,,,,,1,,,,,,VqJ6+ET5i9IZH9UHMV6dbQ==
C:\Users\AnthonyGibbons\OneDrive - Peroptyx\Documents\GitHub\Personal_Projects\bird_detection_audio\birds,Eurasian Oystercatcher,xc417680.wav,8.652472,,,,,,,,,,,,,,,,,,,1,,,,,,nKy7Zmh2aa+z6Zpcks3bzg==
C:\Users\AnthonyGibbons\OneDrive - Peroptyx\Documents\GitHub\Personal_Projects\bird_detection_audio\birds,European Nightjar,xc448447.wav,168.202454,,,,,,,,,,,,,,,,,,,1,,,,,,eQZxqVr8lm0BYhAAGHPv/w==
C:\Users\AnthonyGibbons\OneDrive - Peroptyx\Documents\GitHub\Personal_Projects\bird_detection_audio\birds,Marsh Tit,xc440449.wav,27.120001,,,,,,,,,,,,,,,,,,,1,,,,,,BnuqZbZdu/erEHMCFVSqsA==
C:\Users\AnthonyGibbons\OneDrive - Peroptyx\Documents\GitHub\Personal_Projects\bird_detection_audio\birds,Eurasian Oystercatcher,xc418073.wav,20.12327,,,,,,,,,,,,,,,,,,,1,,,,,,1AT1uXjCoimjMmtF53h19Q==
C:\Users\AnthonyGibbons\OneDrive - Peroptyx\Documents\GitHub\Personal_Projects\bird_detection_audio\birds,Marsh Tit,xc440709.wav,6.768,,,,,,,,,,,,,,,,,,,1,,,,,,VmmW2wP/jzCIJsQJboePCQ==
C:\Users\AnthonyGibbons\OneDrive - Peroptyx\Documents\GitHub\Personal_Projects\bird_detection_audio\birds,Eurasian Oystercatcher,xc420332.wav,42.456001,,,,,,,,,,,,,,,,,,,1,,,,,,LLMkBwnbD0owqwi36BZQZw==
C:\Users\AnthonyGibbons\OneDrive - Peroptyx\Documents\GitHub\Personal_Projects\bird_detection_audio\birds,Marsh Tit,xc535994.wav,173.238846,,,,,,,,,,,,,,,,,,,1,,,,,,S408e3ZhtU91CaBp1hL+Ag==
C:\Users\AnthonyGibbons\OneDrive - Peroptyx\Documents\GitHub\Personal_Projects\bird_detection_audio\birds,Marsh Tit,xc541415.wav,19.344978,,,,,,,,,,,,,,,,,,,1,,,,,,jQVZ1SWpPq1/UkjpAOOMMg==
C:\Users\AnthonyGibbons\OneDrive - Peroptyx\Documents\GitHub\Personal_Projects\bird_detection_audio\birds,Eurasian Oystercatcher,xc420333.wav,34.344002,,,,,,,,,,,,,,,,,,,1,,,,,,Yc12nhTVE6mU17PWwIsDtw==
C:\Users\AnthonyGibbons\OneDrive - Peroptyx\Documents\GitHub\Personal_Projects\bird_detection_audio\birds,Marsh Tit,xc541872.wav,36.924603,,,,,,,,,,,,,,,,,,,1,,,,,,1yhAuYlED1R34oTQeiA50g==
C:\Users\AnthonyGibbons\OneDrive - Peroptyx\Documents\GitHub\Personal_Projects\bird_detection_audio\birds,Redwing,xc546751.wav,209.057953,,,,,,,,,,,,,,,,,,,1,,,,,,9HdksHLwEd+Dam2BfHUXug==
C:\Users\AnthonyGibbons\OneDrive - Peroptyx\Documents\GitHub\Personal_Projects\bird_detection_audio\birds,Marsh Tit,xc541882.wav,11.709792,,,,,,,,,,,,,,,,,,,1,,,,,,Wj0Ps8z4uwFSvpx2YZE99w==
C:\Users\AnthonyGibbons\OneDrive - Peroptyx\Documents\GitHub\Personal_Projects\bird_detection_audio\birds,Eurasian Oystercatcher,xc424335.wav,13.621521,,,,,,,,,,,,,,,,,,,1,,,,,,QOjsO4J2/ni7O6jXzM6Tkg==
C:\Users\AnthonyGibbons\OneDrive - Peroptyx\Documents\GitHub\Personal_Projects\bird_detection_audio\birds,European Nightjar,xc448448.wav,154.801636,,,,,,,,,,,,,,,,,,,1,,,,,,oP7Azkw6BYP5t9v/OzZqIg==
C:\Users\AnthonyGibbons\OneDrive - Peroptyx\Documents\GitHub\Personal_Projects\bird_detection_audio\birds,Redwing,xc546752.wav,41.038368,,,,,,,,,,,,,,,,,,,1,,,,,,Z6e6ihzqgDjofscIpGdz/g==
C:\Users\AnthonyGibbons\OneDrive - Peroptyx\Documents\GitHub\Personal_Projects\bird_detection_audio\birds,Redwing,xc548696.wav,10.448979,,,,,,,,,,,,,,,,,,,1,,,,,,/hrrbmKHrqtW1K1wxtlNTg==
C:\Users\AnthonyGibbons\OneDrive - Peroptyx\Documents\GitHub\Personal_Projects\bird_detection_audio\birds,Redwing,xc548768.wav,11.049833,,,,,,,,,,,,,,,,,,,1,,,,,,nX8+/sVxsI5fiUSi61wxhg==
C:\Users\AnthonyGibbons\OneDrive - Peroptyx\Documents\GitHub\Personal_Projects\bird_detection_audio\birds,European Nightjar,xc448449.wav,59.010612,,,,,,,,,,,,,,,,,,,1,,,,,,pgf3yStxbUSyB9EUDSjkXg==
C:\Users\AnthonyGibbons\OneDrive - Peroptyx\Documents\GitHub\Personal_Projects\bird_detection_audio\birds,Marsh Tit,xc541927.wav,74.830666,,,,,,,,,,,,,,,,,,,1,,,,,,wGdqI5mqDdRFp8m9k+7g7A==
C:\Users\AnthonyGibbons\OneDrive - Peroptyx\Documents\GitHub\Personal_Projects\bird_detection_audio\birds,European Nightjar,xc448450.wav,75.911835,,,,,,,,,,,,,,,,,,,1,,,,,,VAllWDvS9gshXFKV7tJJUQ==
C:\Users\AnthonyGibbons\OneDrive - Peroptyx\Documents\GitHub\Personal_Projects\bird_detection_audio\birds,Redwing,xc552264.wav,66.612244,,,,,,,,,,,,,,,,,,,1,,,,,,2uXoFeDMR140FzHArlY/iA==
C:\Users\AnthonyGibbons\OneDrive - Peroptyx\Documents\GitHub\Personal_Projects\bird_detection_audio\birds,Marsh Tit,xc544113.wav,86.791748,,,,,,,,,,,,,,,,,,,1,,,,,,VsDfPMa9ao26wi+ve0RthA==
C:\Users\AnthonyGibbons\OneDrive - Peroptyx\Documents\GitHub\Personal_Projects\bird_detection_audio\birds,Redwing,xc552392.wav,67.412041,,,,,,,,,,,,,,,,,,,1,,,,,,I2WSHIxCBm+TgU9FsjuXqw==
C:\Users\AnthonyGibbons\OneDrive - Peroptyx\Documents\GitHub\Personal_Projects\bird_detection_audio\birds,Redwing,xc552638.wav,36.894897,,,,,,,,,,,,,,,,,,,1,,,,,,Sd01iKOJChX2JhrbAbYHMw==
C:\Users\AnthonyGibbons\OneDrive - Peroptyx\Documents\GitHub\Personal_Projects\bird_detection_audio\birds,European Nightjar,xc448451.wav,178.729797,,,,,,,,,,,,,,,,,,,1,,,,,,mAj+s2yN99pS1HVhlax0zw==
C:\Users\AnthonyGibbons\OneDrive - Peroptyx\Documents\GitHub\Personal_Projects\bird_detection_audio\birds,European Nightjar,xc448453.wav,36.179592,,,,,,,,,,,,,,,,,,,1,,,,,,lLekjXDJOmAT+b4dj/A1AA==
C:\Users\AnthonyGibbons\OneDrive - Peroptyx\Documents\GitHub\Personal_Projects\bird_detection_audio\birds,European Nightjar,xc449135.wav,29.85796,,,,,,,,,,,,,,,,,,,1,,,,,,ZrCQ/kT6Ye6pa2nRja1e9w==
C:\Users\AnthonyGibbons\OneDrive - Peroptyx\Documents\GitHub\Personal_Projects\bird_detection_audio\birds,European Nightjar,xc449136.wav,26.540409,,,,,,,,,,,,,,,,,,,1,,,,,,r8tsQjsynvdKVd2mzwNCNA==
C:\Users\AnthonyGibbons\OneDrive - Peroptyx\Documents\GitHub\Personal_Projects\bird_detection_audio\birds,European Nightjar,xc449137.wav,21.420408,,,,,,,,,,,,,,,,,,,1,,,,,,JhVcUO8dmNgxptycaIuC0A==
C:\Users\AnthonyGibbons\OneDrive - Peroptyx\Documents\GitHub\Personal_Projects\bird_detection_audio\birds,Marsh Tit,xc549532.wav,190.34581,,,,,,,,,,,,,,,,,,,1,,,,,,mETZPfR6uVaDoUyR3MVfLg==
C:\Users\AnthonyGibbons\OneDrive - Peroptyx\Documents\GitHub\Personal_Projects\bird_detection_audio\birds,Redwing,xc552920.wav,94.609978,,,,,,,,,,,,,,,,,,,1,,,,,,yIe19hEfnKMn7yu7hefu+g==
C:\Users\AnthonyGibbons\OneDrive - Peroptyx\Documents\GitHub\Personal_Projects\bird_detection_audio\birds,European Nightjar,xc449138.wav,68.440819,,,,,,,,,,,,,,,,,,,1,,,,,,6+UjvQOavqQSbQkf6xpFEA==
C:\Users\AnthonyGibbons\OneDrive - Peroptyx\Documents\GitHub\Personal_Projects\bird_detection_audio\birds,Marsh Tit,xc551394.wav,107.049797,,,,,,,,,,,,,,,,,,,1,,,,,,qPGosWdZYliFN6O7STNYKw==
C:\Users\AnthonyGibbons\OneDrive - Peroptyx\Documents\GitHub\Personal_Projects\bird_detection_audio\birds,Marsh Tit,xc55184.wav,12.773651,,,,,,,,,,,,,,,,,,,1,,,,,,5odukeEkUcZBEeZ3ccpJOw==
C:\Users\AnthonyGibbons\OneDrive - Peroptyx\Documents\GitHub\Personal_Projects\bird_detection_audio\birds,Redwing,xc552940.wav,148.453873,,,,,,,,,,,,,,,,,,,1,,,,,,XYnfOrUR+eDvZuCrahNUow==
C:\Users\AnthonyGibbons\OneDrive - Peroptyx\Documents\GitHub\Personal_Projects\bird_detection_audio\birds,Redwing,xc555069.wav,22.472359,,,,,,,,,,,,,,,,,,,1,,,,,,Xj41k2t7aYHMrPX+aL2WuA==
C:\Users\AnthonyGibbons\OneDrive - Peroptyx\Documents\GitHub\Personal_Projects\bird_detection_audio\birds,European Nightjar,xc476394.wav,421.014282,,,,,,,,,,,,,,,,,,,1,,,,,,8aClXsYRJC4p6H4PVS+8Vg==
C:\Users\AnthonyGibbons\OneDrive - Peroptyx\Documents\GitHub\Personal_Projects\bird_detection_audio\birds,European Nightjar,xc477538.wav,30.264,,,,,,,,,,,,,,,,,,,1,,,,,,oYIMQmilmijdQK9gdYs41g==
C:\Users\AnthonyGibbons\OneDrive - Peroptyx\Documents\GitHub\Personal_Projects\bird_detection_audio\birds,European Nightjar,xc479611.wav,72.49884,,,,,,,,,,,,,,,,,,,1,,,,,,YOFvuf0fxg8BxvnTnr/RHw==
C:\Users\AnthonyGibbons\OneDrive - Peroptyx\Documents\GitHub\Personal_Projects\bird_detection_audio\birds,European Nightjar,xc481591.wav,1.410612,,,,,,,,,,,,,,,,,,,1,,,,,,gxD8tdDTtfrDTzD7T77CDQ==
C:\Users\AnthonyGibbons\OneDrive - Peroptyx\Documents\GitHub\Personal_Projects\bird_detection_audio\birds,Redwing,xc555178.wav,106.745468,,,,,,,,,,,,,,,,,,,1,,,,,,MEz+gaZKCOBWoXAk9axsrw==
C:\Users\AnthonyGibbons\OneDrive - Peroptyx\Documents\GitHub\Personal_Projects\bird_detection_audio\birds,European Nightjar,xc481668.wav,84.297142,,,,,,,,,,,,,,,,,,,1,,,,,,RwtI5Ob0YSFE0XBvXl5thg==
C:\Users\AnthonyGibbons\OneDrive - Peroptyx\Documents\GitHub\Personal_Projects\bird_detection_audio\birds,Redwing,xc557911.wav,94.496147,,,,,,,,,,,,,,,,,,,1,,,,,,EWyAWEDVPuRPgYnjS19v9w==
C:\Users\AnthonyGibbons\OneDrive - Peroptyx\Documents\GitHub\Personal_Projects\bird_detection_audio\birds,European Nightjar,xc481978.wav,59.50798,,,,,,,,,,,,,,,,,,,1,,,,,,Q+58u7fLZdALoPejj9KcsQ==
C:\Users\AnthonyGibbons\OneDrive - Peroptyx\Documents\GitHub\Personal_Projects\bird_detection_audio\birds,European Nightjar,xc481979.wav,59.50798,,,,,,,,,,,,,,,,,,,1,,,,,,GxQ+Pc1/C5fbcaro3oQ/NA==
C:\Users\AnthonyGibbons\OneDrive - Peroptyx\Documents\GitHub\Personal_Projects\bird_detection_audio\birds,European Nightjar,xc481981.wav,26.955986,,,,,,,,,,,,,,,,,,,1,,,,,,UApM3xNckQzE/wU4QcYNHA==
C:\Users\AnthonyGibbons\OneDrive - Peroptyx\Documents\GitHub\Personal_Projects\bird_detection_audio\birds,Redwing,xc558266.wav,133.002289,,,,,,,,,,,,,,,,,,,1,,,,,,jn3Ibwcet+yN4H5mUVdBtA==
C:\Users\AnthonyGibbons\OneDrive - Peroptyx\Documents\GitHub\Personal_Projects\bird_detection_audio\birds,Redwing,xc558844.wav,54.184174,,,,,,,,,,,,,,,,,,,1,,,,,,SipGhBncqKHkMsWPvnfe9w==
C:\Users\AnthonyGibbons\OneDrive - Peroptyx\Documents\GitHub\Personal_Projects\bird_detection_audio\birds,Redwing,xc560638.wav,177.201202,,,,,,,,,,,,,,,,,,,1,,,,,,QLBqROlaJ1UCaOG+ArygEA==
